new_resid	new_resname	original_chain	original_resid	original_resname	full_frames_contacted_le_0_40_nm	full_frames_total	full_contact_occupancy_fraction	last20_frames_contacted_le_0_40_nm	last20_frames_total	last20_contact_occupancy_fraction
59	GLU	A	87	GLU	14	10001	0.0013998600139986002	0	2001	0.0
60	ILE	A	88	ILE	3248	10001	0.3247675232476752	535	2001	0.2673663168415792
63	ASN	A	91	ASN	9970	10001	0.9969003099690031	2000	2001	0.9995002498750625
64	ALA	A	92	ALA	7744	10001	0.7743225677432257	1364	2001	0.6816591704147926
66	ASP	A	94	ASP	669	10001	0.0668933106689331	305	2001	0.15242378810594703
67	ASN	A	95	ASN	9522	10001	0.9521047895210479	1958	2001	0.9785107446276862
70	ARG	A	98	ARG	9469	10001	0.9468053194680532	1959	2001	0.9790104947526237
92	ASN	A	120	ASN	9333	10001	0.9332066793320668	1776	2001	0.8875562218890555
97	ILE	A	125	ILE	6726	10001	0.6725327467253275	1511	2001	0.7551224387806097
113	ILE	A	141	ILE	9759	10001	0.9758024197580242	1918	2001	0.9585207396301849
114	PHE	A	142	PHE	6124	10001	0.6123387661233877	415	2001	0.20739630184907545
119	THR	A	147	THR	6464	10001	0.6463353664633537	1888	2001	0.9435282358820589
120	SER	A	148	SER	6885	10001	0.6884311568843116	1870	2001	0.9345327336331835
121	SER	A	149	SER	9719	10001	0.9718028197180282	1973	2001	0.9860069965017492
122	ASN	A	150	ASN	5716	10001	0.5715428457154285	657	2001	0.328335832083958
133	GLY	A	161	GLY	141	10001	0.014098590140985901	0	2001	0.0
134	ARG	A	162	ARG	30	10001	0.0029997000299970002	23	2001	0.011494252873563218
135	ASN	A	163	ASN	5	10001	0.0004999500049995	3	2001	0.0014992503748125937
136	GLY	A	164	GLY	7147	10001	0.7146285371462854	1892	2001	0.9455272363818091
137	TYR	A	165	TYR	976	10001	0.09759024097590241	246	2001	0.12293853073463268
138	GLY	A	166	GLY	1408	10001	0.14078592140785923	913	2001	0.456271864067966
139	ALA	A	167	ALA	6435	10001	0.6434356564343565	527	2001	0.263368315842079
140	LYS	A	168	LYS	5270	10001	0.5269473052694731	1453	2001	0.7261369315342329
187	THR	A	215	THR	9445	10001	0.9444055594440556	1911	2001	0.9550224887556222
189	ILE	A	217	ILE	7667	10001	0.7666233376662334	1768	2001	0.8835582208895553
344	GLN	A	376	GLN	12	10001	0.0011998800119988001	0	2001	0.0
379	TYR	B	34	TYR	8379	10001	0.8378162183781622	1852	2001	0.9255372313843079
