"candidate","gene","Z","p.adj","significant"
"CDK6","PRSS57",4.05135292048734,0,TRUE
"CDK6","SMIM24",2.90850568776834,6.00534527283613e-23,TRUE
"CDK6","GYPC",2.44277042236858,5.48238769770071e-05,TRUE
"CDK6","CDCA7",2.41405163015606,0.000152567909017868,TRUE
"CDK6","RPS18",2.34065618529483,0.0020377148762976,TRUE
"CDK6","C1orf228",2.32788262159326,0.00268017405292672,TRUE
"CDK6","CD34",2.28374131844026,0.00921724240559812,TRUE
"CDK6","SPINK2",2.27634935883032,0.0101412259170812,TRUE
"CDK6","RPS6",2.24113652980593,0.0237959010770133,TRUE
"CDK6","IMPDH2",2.23369040764751,0.0261832168811248,TRUE
"CDK6","ZFP36L2",2.20257435703767,0.0511362526045841,FALSE
"CDK6","PGF",1.76285607900219,0.999999999956702,FALSE
"CDK6","SELK",1.6995040698014,0.999999999956702,FALSE
"CDK6","TPM4",1.18205786454011,0.999999999956702,FALSE
"CDK6","AURKA",0.99208593207251,0.999999999956702,FALSE
"CDK6","CTTN",0.621082988700626,0.999999999956702,FALSE
"CDK6","F13A1",0.548768391426336,0.999999999956702,FALSE
"CDK6","RGS18",0.543668716499959,0.999999999956702,FALSE
"CDK6","CMIP",0.520514782040916,0.999999999956702,FALSE
"CDK6","DAPP1",0.476104371126073,0.999999999956702,FALSE
"CDK6","KIF2A",0.468242196548341,0.999999999956702,FALSE
"CDK6","NEXN",0.444363370086012,0.999999999956702,FALSE
"CDK6","CLDN5",0.411128720867931,0.999999999956702,FALSE
"CDK6","ABCC3",0.372191641755763,0.999999999956702,FALSE
"CA2","PRSS57",3.83572176248914,0,TRUE
"CA2","SMIM24",2.7084398813952,4.74828443427205e-20,TRUE
"CA2","GYPC",2.23013721121159,0.000678569630469379,TRUE
"CA2","CDCA7",2.21929014601813,0.000818937990181013,TRUE
"CA2","RPS18",2.16094175276119,0.00510542337375809,TRUE
"CA2","C1orf228",2.11569316144437,0.0169028564034401,TRUE
"CA2","SPINK2",2.10919136773292,0.0177170698279183,TRUE
"CA2","CD34",2.09452961168821,0.02338621592588,TRUE
"CA2","RPS6",2.06022854038108,0.0499501634696441,TRUE
"CA2","IMPDH2",2.02970882539935,0.0916546626086237,FALSE
"CA2","ZFP36L2",1.98508962291896,0.211776403951505,FALSE
"CA2","PGF",1.64519337569131,0.99999999994277,FALSE
"CA2","TPM4",1.51510792947603,0.99999999994277,FALSE
"CA2","SELK",1.37617228916228,0.99999999994277,FALSE
"CA2","F13A1",1.28693809587906,0.99999999994277,FALSE
"CA2","CTTN",1.25216552280646,0.99999999994277,FALSE
"CA2","CMIP",1.24426844689234,0.99999999994277,FALSE
"CA2","DAPP1",1.23137526724717,0.99999999994277,FALSE
"CA2","NEXN",1.21275347276076,0.99999999994277,FALSE
"CA2","CLDN5",1.20542571823372,0.99999999994277,FALSE
"CA2","RGS18",1.1799980934482,0.99999999994277,FALSE
"CA2","ABCC3",1.17227179600186,0.99999999994277,FALSE
"CA2","KIF2A",1.11251364223155,0.99999999994277,FALSE
"CA2","AURKA",0.213783535278961,0.99999999994277,FALSE
"PARP1","PRSS57",4.08169909296368,0,TRUE
"PARP1","SMIM24",2.93195681889814,4.69756890392961e-23,TRUE
"PARP1","GYPC",2.46683558009684,4.43811557088325e-05,TRUE
"PARP1","CDCA7",2.43680112114441,0.000131770726419904,TRUE
"PARP1","RPS18",2.35700348589511,0.00221748500799555,TRUE
"PARP1","C1orf228",2.34857562631163,0.00251689223837547,TRUE
"PARP1","CD34",2.30342237773064,0.00891823736844609,TRUE
"PARP1","SPINK2",2.29443049260339,0.0102644787107238,TRUE
"PARP1","RPS6",2.264086998117,0.0211032155055174,TRUE
"PARP1","IMPDH2",2.2558215738193,0.0237458076270147,TRUE
"PARP1","ZFP36L2",2.22522479324279,0.0460101125591435,TRUE
"PARP1","PGF",1.76119246809491,0.999999999856525,FALSE
"PARP1","SELK",1.71296493786129,0.999999999856525,FALSE
"PARP1","TPM4",1.13223003578222,0.999999999856525,FALSE
"PARP1","AURKA",1.01030107202808,0.999999999856525,FALSE
"PARP1","CTTN",0.484065889838365,0.999999999856525,FALSE
"PARP1","RGS18",0.393524144750247,0.999999999856525,FALSE
"PARP1","F13A1",0.358956080851845,0.999999999856525,FALSE
"PARP1","CMIP",0.324773319703155,0.999999999856525,FALSE
"PARP1","KIF2A",0.319701105353342,0.999999999856525,FALSE
"PARP1","DAPP1",0.259717770508266,0.999999999856525,FALSE
"PARP1","NEXN",0.215691324779198,0.999999999856525,FALSE
"PARP1","CLDN5",0.163233976854983,0.999999999856525,FALSE
"PARP1","ABCC3",0.118919013391284,0.999999999856525,FALSE
"KIT","PRSS57",3.93880380738268,0,TRUE
"KIT","SMIM24",2.83392045901908,1.83320404051189e-22,TRUE
"KIT","GYPC",2.38804273846032,6.07195075899798e-05,TRUE
"KIT","CDCA7",2.36132129290217,0.000159869244696641,TRUE
"KIT","RPS18",2.28751315348958,0.00232259105379942,TRUE
"KIT","C1orf228",2.27700076482891,0.00285489258004171,TRUE
"KIT","SPINK2",2.23051419819712,0.00987657117848296,TRUE
"KIT","CD34",2.22977780723271,0.00987657117848296,TRUE
"KIT","RPS6",2.19259972172885,0.0251755612474826,TRUE
"KIT","IMPDH2",2.18314657838942,0.0293134160784904,TRUE
"KIT","ZFP36L2",2.15437863099045,0.0548243128743071,FALSE
"KIT","PGF",1.74860232387863,0.999999999897218,FALSE
"KIT","SELK",1.638060382692,0.999999999897218,FALSE
"KIT","TPM4",1.21278041939079,0.999999999897218,FALSE
"KIT","AURKA",0.897409115374722,0.999999999897218,FALSE
"KIT","CTTN",0.737684074610837,0.999999999897218,FALSE
"KIT","F13A1",0.714874177730656,0.999999999897218,FALSE
"KIT","CMIP",0.67597284983183,0.999999999897218,FALSE
"KIT","RGS18",0.655356514566456,0.999999999897218,FALSE
"KIT","DAPP1",0.652631947783248,0.999999999897218,FALSE
"KIT","NEXN",0.620661656156572,0.999999999897218,FALSE
"KIT","CLDN5",0.603374459179727,0.999999999897218,FALSE
"KIT","KIF2A",0.571457341437692,0.999999999897218,FALSE
"KIT","ABCC3",0.568017055040361,0.999999999897218,FALSE
"SYK","PRSS57",3.99561696070045,0,TRUE
"SYK","SMIM24",2.88202105641531,1.90748743450875e-22,TRUE
"SYK","GYPC",2.43785417100601,4.49743309199543e-05,TRUE
"SYK","CDCA7",2.40912803439694,0.000130239696877214,TRUE
"SYK","RPS18",2.34303337920939,0.00145436261196485,TRUE
"SYK","C1orf228",2.32502698997626,0.00233468877660008,TRUE
"SYK","CD34",2.28286720249411,0.00788272619290546,TRUE
"SYK","SPINK2",2.27456737609758,0.00897371614753691,TRUE
"SYK","RPS6",2.24597072049867,0.0181416792823913,TRUE
"SYK","IMPDH2",2.23879121511412,0.0200051263641267,TRUE
"SYK","ZFP36L2",2.20090984024914,0.0440385544870981,TRUE
"SYK","PGF",1.87755152660895,0.999999999946943,FALSE
"SYK","SELK",1.601987069893,0.999999999946943,FALSE
"SYK","TPM4",1.16487288257532,0.999999999946943,FALSE
"SYK","F13A1",0.652604907195222,0.999999999946943,FALSE
"SYK","DAPP1",0.622006097766278,0.999999999946943,FALSE
"SYK","CTTN",0.589936062653329,0.999999999946943,FALSE
"SYK","AURKA",0.575384171978543,0.999999999946943,FALSE
"SYK","CMIP",0.562969623923545,0.999999999946943,FALSE
"SYK","CLDN5",0.52661730557722,0.999999999946943,FALSE
"SYK","NEXN",0.491659346722641,0.999999999946943,FALSE
"SYK","RGS18",0.469512755494703,0.999999999946943,FALSE
"SYK","ABCC3",0.431370420337029,0.999999999946943,FALSE
"SYK","KIF2A",0.185339460763301,0.999999999946943,FALSE
"GSK3B","PRSS57",2.16519783743528,1.01792356704366e-06,TRUE
"GSK3B","TPM4",1.92262425882868,0.00296559213856868,TRUE
"GSK3B","F13A1",1.82175410265211,0.014922711493757,TRUE
"GSK3B","CTTN",1.80929006224614,0.0182981852805502,TRUE
"GSK3B","CMIP",1.79780983364518,0.021878375686846,TRUE
"GSK3B","NEXN",1.77572569435059,0.0304159068207254,TRUE
"GSK3B","CLDN5",1.74729269751293,0.0412532984914851,TRUE
"GSK3B","RGS18",1.74642828391289,0.0412532984914851,TRUE
"GSK3B","DAPP1",1.74462372564528,0.0421614795025571,TRUE
"GSK3B","ABCC3",1.73646224723538,0.0468590591696586,TRUE
"GSK3B","KIF2A",1.73099577763726,0.0499187806528489,TRUE
"GSK3B","PGF",1.4629392688199,0.5322752835899,FALSE
"GSK3B","GYPC",1.35415335696433,0.929572236189645,FALSE
"GSK3B","C1orf228",1.28153745125732,0.999999999643846,FALSE
"GSK3B","IMPDH2",1.2239437304124,0.999999999643846,FALSE
"GSK3B","ZFP36L2",1.20482557689352,0.999999999643846,FALSE
"GSK3B","CDCA7",1.08044326473249,0.999999999643846,FALSE
"GSK3B","SMIM24",1.0555416874994,0.999999999643846,FALSE
"GSK3B","CD34",0.920931669805783,0.999999999643846,FALSE
"GSK3B","RPS6",0.897650583212937,0.999999999643846,FALSE
"GSK3B","RPS18",0.85027608475361,0.999999999643846,FALSE
"GSK3B","AURKA",0.391385299394243,0.999999999643846,FALSE
"GSK3B","SELK",0.214072973263255,0.999999999643846,FALSE
"GSK3B","SPINK2",-0.280521049915067,0.999999999643846,FALSE
"HIF1A","PRSS57",3.95279782419757,0,TRUE
"HIF1A","SMIM24",2.85760953342834,2.77007522225486e-22,TRUE
"HIF1A","GYPC",2.42101707562014,5.29534864422076e-05,TRUE
"HIF1A","CDCA7",2.39572752671755,0.000133365300558088,TRUE
"HIF1A","RPS18",2.32120290957474,0.0020927760929752,TRUE
"HIF1A","C1orf228",2.30974044736789,0.00267180448548298,TRUE
"HIF1A","CD34",2.26811198196694,0.00893971064576367,TRUE
"HIF1A","SPINK2",2.26315223413364,0.009226343123094,TRUE
"HIF1A","RPS6",2.22853789778496,0.0222313464977312,TRUE
"HIF1A","IMPDH2",2.22467040615389,0.0224262491570518,TRUE
"HIF1A","ZFP36L2",2.19351264294102,0.042665609876147,TRUE
"HIF1A","PGF",1.83806222703129,0.999999999902037,FALSE
"HIF1A","SELK",1.6379463356831,0.999999999902037,FALSE
"HIF1A","TPM4",1.13230563562209,0.999999999902037,FALSE
"HIF1A","AURKA",0.777449019413633,0.999999999902037,FALSE
"HIF1A","F13A1",0.515486463115672,0.999999999902037,FALSE
"HIF1A","CTTN",0.502215419601229,0.999999999902037,FALSE
"HIF1A","DAPP1",0.484887918811955,0.999999999902037,FALSE
"HIF1A","CMIP",0.445488699096013,0.999999999902037,FALSE
"HIF1A","RGS18",0.375676363282862,0.999999999902037,FALSE
"HIF1A","CLDN5",0.364964816163671,0.999999999902037,FALSE
"HIF1A","NEXN",0.341572689749935,0.999999999902037,FALSE
"HIF1A","ABCC3",0.277295117450712,0.999999999902037,FALSE
"HIF1A","KIF2A",0.103261073113973,0.999999999902037,FALSE
"TOP2A","PRSS57",3.78119670273564,5.09530765456752e-304,TRUE
"TOP2A","SMIM24",2.55933248630672,1.09029281009214e-14,TRUE
"TOP2A","PGF",2.24540845771038,2.49625484027885e-05,TRUE
"TOP2A","SELK",2.04935902901536,0.0132759845129753,TRUE
"TOP2A","GYPC",2.04158503646487,0.0137291904251979,TRUE
"TOP2A","CDCA7",1.99190099286057,0.0347474251402385,TRUE
"TOP2A","AURKA",1.97359004020405,0.045683466623962,TRUE
"TOP2A","C1orf228",1.95445846824831,0.0587743239432526,FALSE
"TOP2A","ZFP36L2",1.88843643385656,0.154923198787989,FALSE
"TOP2A","CD34",1.87002111210829,0.196482834031146,FALSE
"TOP2A","SPINK2",1.8545621079529,0.226635687964845,FALSE
"TOP2A","RPS18",1.83639728026915,0.262560758247917,FALSE
"TOP2A","IMPDH2",1.72319271665478,0.666688099040048,FALSE
"TOP2A","RPS6",1.71189942008212,0.708475712027421,FALSE
"TOP2A","DAPP1",1.23498675560034,0.999999999776616,FALSE
"TOP2A","F13A1",1.15238763021405,0.999999999776616,FALSE
"TOP2A","CLDN5",1.07063873860157,0.999999999776616,FALSE
"TOP2A","KIF2A",1.02905873431059,0.999999999776616,FALSE
"TOP2A","CMIP",0.838693021541887,0.999999999776616,FALSE
"TOP2A","NEXN",0.822634099677149,0.999999999776616,FALSE
"TOP2A","ABCC3",0.80727249244059,0.999999999776616,FALSE
"TOP2A","RGS18",0.165167691619053,0.999999999776616,FALSE
"TOP2A","CTTN",0.0669865141139927,0.999999999776616,FALSE
"TOP2A","TPM4",-0.168894127008024,0.999999999776616,FALSE
"TERT","PRSS57",2.46935884135599,6.0977510716054e-312,TRUE
"TERT","SMIM24",2.07307129797654,2.63884522407332e-18,TRUE
"TERT","GYPC",1.89105968629555,0.000482023377810175,TRUE
"TERT","CDCA7",1.88791094838768,0.000512376799809593,TRUE
"TERT","RPS18",1.86706255748721,0.00242202084632914,TRUE
"TERT","SPINK2",1.85385100067492,0.0049763038683261,TRUE
"TERT","C1orf228",1.85344766061517,0.0049763038683261,TRUE
"TERT","CD34",1.84728427572158,0.00677637063242003,TRUE
"TERT","RPS6",1.83354106413106,0.0148439241921701,TRUE
"TERT","IMPDH2",1.82307396713401,0.0251935211242676,TRUE
"TERT","ZFP36L2",1.81301826207324,0.0404221904759604,TRUE
"TERT","PGF",1.54725728094926,0.999999989686377,FALSE
"TERT","TPM4",1.50199433557826,0.999999989686377,FALSE
"TERT","SELK",1.488159418401,0.999999989686377,FALSE
"TERT","CTTN",1.18685621682837,0.999999989686377,FALSE
"TERT","F13A1",1.18158246126197,0.999999989686377,FALSE
"TERT","DAPP1",1.17264035424943,0.999999989686377,FALSE
"TERT","CMIP",1.17156121783697,0.999999989686377,FALSE
"TERT","RGS18",1.16941651434908,0.999999989686377,FALSE
"TERT","CLDN5",1.15656740051078,0.999999989686377,FALSE
"TERT","NEXN",1.15644252727283,0.999999989686377,FALSE
"TERT","ABCC3",1.1446046132306,0.999999989686377,FALSE
"TERT","KIF2A",1.14202697763608,0.999999989686377,FALSE
"TERT","AURKA",-0.305876832426251,0.999999989686377,FALSE
"CD38","PRSS57",4.02249109319986,0,TRUE
"CD38","SMIM24",2.89110907781281,2.59190835373673e-22,TRUE
"CD38","GYPC",2.45155775954853,3.5334420138932e-05,TRUE
"CD38","CDCA7",2.40469230416315,0.000223043723479893,TRUE
"CD38","RPS18",2.33651915912529,0.0024099927025384,TRUE
"CD38","C1orf228",2.32590960358099,0.00295099194182019,TRUE
"CD38","CD34",2.2917651373679,0.00759140975095787,TRUE
"CD38","SPINK2",2.28574719316468,0.00807532966878723,TRUE
"CD38","RPS6",2.24022335379549,0.0251142679891282,TRUE
"CD38","IMPDH2",2.2374838728671,0.0251142679891282,TRUE
"CD38","ZFP36L2",2.21507753400624,0.0403346350848707,TRUE
"CD38","PGF",1.784144914428,0.99999999971548,FALSE
"CD38","SELK",1.68039686927018,0.99999999971548,FALSE
"CD38","TPM4",1.14801756479009,0.99999999971548,FALSE
"CD38","AURKA",0.951186395996402,0.99999999971548,FALSE
"CD38","CTTN",0.523685818616582,0.99999999971548,FALSE
"CD38","F13A1",0.480462041367829,0.99999999971548,FALSE
"CD38","RGS18",0.4594983997436,0.99999999971548,FALSE
"CD38","DAPP1",0.425962694147582,0.99999999971548,FALSE
"CD38","CMIP",0.423905947368258,0.99999999971548,FALSE
"CD38","NEXN",0.358801716281235,0.99999999971548,FALSE
"CD38","KIF2A",0.333004293114406,0.99999999971548,FALSE
"CD38","CLDN5",0.309337363622713,0.99999999971548,FALSE
"CD38","ABCC3",0.293035862728803,0.99999999971548,FALSE
