"run_id","run_role","candidate","gKO","control_type","control_rank","common_seed","match_distance","candidate_mean_log1p_cp10k","control_mean_log1p_cp10k","candidate_detected_fraction","control_detected_fraction","candidate_out_degree","control_out_degree","candidate_out_strength","control_out_strength"
"001_candidate_CDK6","candidate","CDK6","CDK6","candidate",NA,20260724,NA,0.727787770669314,NA,0.40893470790378,NA,2815,NA,198.617,NA
"002_candidate_CA2","candidate","CA2","CA2","candidate",NA,20260724,NA,0.270227467557656,NA,0.145618556701031,NA,2811,NA,284.731,NA
"003_candidate_PARP1","candidate","PARP1","PARP1","candidate",NA,20260724,NA,0.596475337803567,NA,0.389175257731959,NA,2734,NA,70.031,NA
"004_candidate_KIT","candidate","KIT","KIT","candidate",NA,20260724,NA,0.210730996553231,NA,0.173969072164948,NA,2733,NA,80.183,NA
"005_candidate_SYK","candidate","SYK","SYK","candidate",NA,20260724,NA,0.30973850639054,NA,0.247852233676976,NA,2800,NA,171.62,NA
"006_candidate_GSK3B","candidate","GSK3B","GSK3B","candidate",NA,20260724,NA,0.246878543013508,NA,0.196735395189003,NA,2704,NA,132.205,NA
"007_candidate_HIF1A","candidate","HIF1A","HIF1A","candidate",NA,20260724,NA,0.311866844922962,NA,0.246563573883162,NA,2685,NA,55.892,NA
"008_candidate_TOP2A","candidate","TOP2A","TOP2A","candidate",NA,20260724,NA,0.215590434744588,NA,0.140893470790378,NA,2592,NA,128.553,NA
"009_candidate_TERT","candidate","TERT","TERT","candidate",NA,20260724,NA,0.0126374891305064,NA,0.0171821305841924,NA,819,NA,0.911,NA
"010_candidate_CD38","candidate","CD38","CD38","candidate",NA,20260724,NA,0.151681695771511,NA,0.13573883161512,NA,2574,NA,26.203,NA
"011_matched_control_SOD2","matched_control","CDK6","SOD2","matched",1,20260724,0.0356110351875111,0.727787770669314,0.736965733585817,0.40893470790378,0.415378006872852,2815,2755,198.617,205.16
"012_matched_control_SELL","matched_control","CDK6","SELL","matched",2,20260724,0.0480630183751472,0.727787770669314,0.740648746148972,0.40893470790378,0.420962199312715,2815,2814,198.617,205.45
"013_matched_control_ETFA","matched_control","CDK6","ETFA","matched",3,20260724,0.0645634428350062,0.727787770669314,0.698588817707972,0.40893470790378,0.420962199312715,2815,2741,198.617,197.861
"014_matched_control_RPL22L1","matched_control","CDK6","RPL22L1","matched",4,20260724,0.0750710860857689,0.727787770669314,0.693645009959469,0.40893470790378,0.416666666666667,2815,2806,198.617,187.035
"015_matched_control_HCST","matched_control","CDK6","HCST","matched",5,20260724,0.113021911851159,0.727787770669314,0.739605220500881,0.40893470790378,0.424828178694158,2815,2797,198.617,231.239
"016_matched_control_VPS28","matched_control","CDK6","VPS28","matched",6,20260724,0.122004283318014,0.727787770669314,0.708037496185338,0.40893470790378,0.446305841924399,2815,2799,198.617,209.365
"017_matched_control_HSPA5","matched_control","CDK6","HSPA5","matched",7,20260724,0.125896012929444,0.727787770669314,0.765672905330913,0.40893470790378,0.43127147766323,2815,2826,198.617,225.517
"018_matched_control_GABARAPL2","matched_control","CDK6","GABARAPL2","matched",8,20260724,0.126025805449872,0.727787770669314,0.677066100470984,0.40893470790378,0.425687285223368,2815,2766,198.617,222.166
"019_matched_control_LINC00657","matched_control","CDK6","LINC00657","matched",9,20260724,0.128064390157514,0.727787770669314,0.66320321467637,0.40893470790378,0.393041237113402,2815,2740,198.617,209.242
"020_matched_control_KLF6","matched_control","CDK6","KLF6","matched",10,20260724,0.129507625246741,0.727787770669314,0.692982186084056,0.40893470790378,0.39819587628866,2815,2762,198.617,168.29
"021_matched_control_CCDC85B","matched_control","CDK6","CCDC85B","matched",11,20260724,0.157251685979608,0.727787770669314,0.669847161591125,0.40893470790378,0.427835051546392,2815,2774,198.617,233.337
"022_matched_control_HMGA1","matched_control","CDK6","HMGA1","matched",12,20260724,0.158289736304577,0.727787770669314,0.711933784298588,0.40893470790378,0.398625429553265,2815,2799,198.617,157.522
"023_matched_control_TMEM219","matched_control","CDK6","TMEM219","matched",13,20260724,0.158825305143275,0.727787770669314,0.682086533513185,0.40893470790378,0.432560137457045,2815,2764,198.617,166.215
"024_matched_control_PSIP1","matched_control","CDK6","PSIP1","matched",14,20260724,0.164991625493439,0.727787770669314,0.635855839885776,0.40893470790378,0.416666666666667,2815,2801,198.617,188.669
"025_matched_control_FKBP8","matched_control","CDK6","FKBP8","matched",15,20260724,0.168978221824796,0.727787770669314,0.633195596795953,0.40893470790378,0.40893470790378,2815,2768,198.617,210.321
"026_matched_control_LCP1","matched_control","CDK6","LCP1","matched",16,20260724,0.174292799352195,0.727787770669314,0.768680014404352,0.40893470790378,0.448883161512028,2815,2829,198.617,232.986
"027_matched_control_EIF2AK1","matched_control","CDK6","EIF2AK1","matched",17,20260724,0.178440866209627,0.727787770669314,0.649766154119425,0.40893470790378,0.383591065292096,2815,2771,198.617,226.214
"028_matched_control_TSC22D1","matched_control","CDK6","TSC22D1","matched",18,20260724,0.179796807724151,0.727787770669314,0.739726453140961,0.40893470790378,0.359965635738832,2815,2777,198.617,229.111
"029_matched_control_GLTSCR2","matched_control","CDK6","GLTSCR2","matched",19,20260724,0.180601668384137,0.727787770669314,0.719708058179338,0.40893470790378,0.439003436426117,2815,2804,198.617,156.753
"030_matched_control_AC090498.1","matched_control","CDK6","AC090498.1","matched",20,20260724,0.184187120677606,0.727787770669314,0.653313886119269,0.40893470790378,0.432560137457045,2815,2805,198.617,168.021
"031_matched_control_DOK2","matched_control","CA2","DOK2","matched",1,20260724,0.0193458586512512,0.270227467557656,0.274419576752556,0.145618556701031,0.146048109965636,2811,2805,284.731,292.468
"032_matched_control_GADD45A","matched_control","CA2","GADD45A","matched",2,20260724,0.0915098118142352,0.270227467557656,0.244023837985829,0.145618556701031,0.157646048109966,2811,2754,284.731,268.731
"033_matched_control_PBX1","matched_control","CA2","PBX1","matched",3,20260724,0.0946403495360124,0.270227467557656,0.230388298320858,0.145618556701031,0.156786941580756,2811,2809,284.731,280.282
"034_matched_control_NPTN","matched_control","CA2","NPTN","matched",4,20260724,0.0961961825974805,0.270227467557656,0.225151503987977,0.145618556701031,0.154209621993127,2811,2764,284.731,274.569
"035_matched_control_MAP1A","matched_control","CA2","MAP1A","matched",5,20260724,0.100935903971031,0.270227467557656,0.216653969851818,0.145618556701031,0.145189003436426,2811,2818,284.731,268.437
"036_matched_control_AP003068.23","matched_control","CA2","AP003068.23","matched",6,20260724,0.113780258762604,0.270227467557656,0.329568168779291,0.145618556701031,0.152061855670103,2811,2747,284.731,273.363
"037_matched_control_DAB2","matched_control","CA2","DAB2","matched",7,20260724,0.11841535585809,0.270227467557656,0.270508659234089,0.145618556701031,0.157216494845361,2811,2772,284.731,330.249
"038_matched_control_PPM1A","matched_control","CA2","PPM1A","matched",8,20260724,0.12180860575372,0.270227467557656,0.229967844071505,0.145618556701031,0.160652920962199,2811,2796,284.731,308.186
"039_matched_control_MTURN","matched_control","CA2","MTURN","matched",9,20260724,0.123034651621194,0.270227467557656,0.227386642847993,0.145618556701031,0.13745704467354,2811,2817,284.731,323.726
"040_matched_control_MARCH2","matched_control","CA2","MARCH2","matched",10,20260724,0.123251231099759,0.270227467557656,0.261929726862356,0.145618556701031,0.127147766323024,2811,2778,284.731,267.32
"041_matched_control_RAP2B","matched_control","CA2","RAP2B","matched",11,20260724,0.126088728230974,0.270227467557656,0.227786476005198,0.145618556701031,0.163659793814433,2811,2753,284.731,280.92
"042_matched_control_FAM110A","matched_control","CA2","FAM110A","matched",12,20260724,0.130544589468435,0.270227467557656,0.220328759051891,0.145618556701031,0.13659793814433,2811,2797,284.731,321.864
"043_matched_control_PIP4K2A","matched_control","CA2","PIP4K2A","matched",13,20260724,0.132884105754904,0.270227467557656,0.19954107680576,0.145618556701031,0.13745704467354,2811,2814,284.731,290.124
"044_matched_control_PLXDC2","matched_control","CA2","PLXDC2","matched",14,20260724,0.134067991159218,0.270227467557656,0.235639128504192,0.145618556701031,0.154639175257732,2811,2830,284.731,335.352
"045_matched_control_KAT6A","matched_control","CA2","KAT6A","matched",15,20260724,0.134659049310385,0.270227467557656,0.203439996067341,0.145618556701031,0.151632302405498,2811,2782,284.731,311.08
"046_matched_control_ABLIM1","matched_control","CA2","ABLIM1","matched",16,20260724,0.13549391500292,0.270227467557656,0.192880715223192,0.145618556701031,0.144759450171821,2811,2782,284.731,278.328
"047_matched_control_IL6ST","matched_control","CA2","IL6ST","matched",17,20260724,0.143137435293756,0.270227467557656,0.237046401475625,0.145618556701031,0.154209621993127,2811,2738,284.731,237.281
"048_matched_control_TMEM55A","matched_control","CA2","TMEM55A","matched",18,20260724,0.143328037916196,0.270227467557656,0.245130014760129,0.145618556701031,0.162800687285223,2811,2822,284.731,329.603
"049_matched_control_GFI1B","matched_control","CA2","GFI1B","matched",19,20260724,0.143562017413428,0.270227467557656,0.257323896069741,0.145618556701031,0.1696735395189,2811,2817,284.731,307.081
"050_matched_control_MLH3","matched_control","CA2","MLH3","matched",20,20260724,0.146949993899397,0.270227467557656,0.208835031331818,0.145618556701031,0.13745704467354,2811,2759,284.731,249.353
"051_matched_control_SRP9","matched_control","PARP1","SRP9","matched",1,20260724,0.0667221646513642,0.596475337803567,0.607250169071959,0.389175257731959,0.402491408934708,2734,2569,70.031,66.806
"052_matched_control_CCT4","matched_control","PARP1","CCT4","matched",2,20260724,0.0782692243242972,0.596475337803567,0.626907639915149,0.389175257731959,0.40807560137457,2734,2732,70.031,70.169
"053_matched_control_NDUFC1","matched_control","PARP1","NDUFC1","matched",3,20260724,0.0834514501491772,0.596475337803567,0.595446460683587,0.389175257731959,0.403350515463918,2734,2718,70.031,62.791
"054_matched_control_RTN3","matched_control","PARP1","RTN3","matched",4,20260724,0.088985019212206,0.596475337803567,0.566291716385785,0.389175257731959,0.382731958762887,2734,2727,70.031,77.838
"055_matched_control_HSPE1","matched_control","PARP1","HSPE1","matched",5,20260724,0.0902510457311524,0.596475337803567,0.559982141741343,0.389175257731959,0.370704467353952,2734,2744,70.031,67.011
"056_matched_control_PAK2","matched_control","PARP1","PAK2","matched",6,20260724,0.0972447466438722,0.596475337803567,0.593411741073262,0.389175257731959,0.410223367697594,2734,2734,70.031,78.292
"057_matched_control_NSA2","matched_control","PARP1","NSA2","matched",7,20260724,0.0981276504686358,0.596475337803567,0.617480662836105,0.389175257731959,0.413230240549828,2734,2722,70.031,64.464
"058_matched_control_SNU13","matched_control","PARP1","SNU13","matched",8,20260724,0.100479664818427,0.596475337803567,0.545016951988044,0.389175257731959,0.375,2734,2746,70.031,68.675
"059_matched_control_BANF1","matched_control","PARP1","BANF1","matched",9,20260724,0.10175465558499,0.596475337803567,0.589986839863818,0.389175257731959,0.38659793814433,2734,2676,70.031,60.082
"060_matched_control_TRA2B","matched_control","PARP1","TRA2B","matched",10,20260724,0.106802203823684,0.596475337803567,0.551716753251415,0.389175257731959,0.381872852233677,2734,2676,70.031,63.066
"061_matched_control_SNRPG","matched_control","PARP1","SNRPG","matched",11,20260724,0.107424939251485,0.596475337803567,0.615927568877888,0.389175257731959,0.384879725085911,2734,2762,70.031,81.722
"062_matched_control_ANXA1","matched_control","PARP1","ANXA1","matched",12,20260724,0.110363865090114,0.596475337803567,0.659835132216165,0.389175257731959,0.388316151202749,2734,2729,70.031,70.785
"063_matched_control_HNRNPR","matched_control","PARP1","HNRNPR","matched",13,20260724,0.11898068407598,0.596475337803567,0.578439116016861,0.389175257731959,0.387027491408935,2734,2708,70.031,58.759
"064_matched_control_ANP32A","matched_control","PARP1","ANP32A","matched",14,20260724,0.121732690524366,0.596475337803567,0.577415524665635,0.389175257731959,0.387886597938144,2734,2645,70.031,58.685
"065_matched_control_EGFL7","matched_control","PARP1","EGFL7","matched",15,20260724,0.137577663307157,0.596475337803567,0.553525000957793,0.389175257731959,0.363831615120275,2734,2720,70.031,79.673
"066_matched_control_ATP6V1F","matched_control","PARP1","ATP6V1F","matched",16,20260724,0.144188167814582,0.596475337803567,0.534647121362004,0.389175257731959,0.381013745704467,2734,2725,70.031,80.712
"067_matched_control_OSTC","matched_control","PARP1","OSTC","matched",17,20260724,0.149519783961306,0.596475337803567,0.642967463035041,0.389175257731959,0.412371134020619,2734,2772,70.031,82.076
"068_matched_control_USP15","matched_control","PARP1","USP15","matched",18,20260724,0.151907188682791,0.596475337803567,0.531956833665249,0.389175257731959,0.359106529209622,2734,2600,70.031,67.25
"069_matched_control_MRPS21","matched_control","PARP1","MRPS21","matched",19,20260724,0.156268499715805,0.596475337803567,0.638814509336556,0.389175257731959,0.422250859106529,2734,2717,70.031,60.594
"070_matched_control_GTF3A","matched_control","PARP1","GTF3A","matched",20,20260724,0.157777587492499,0.596475337803567,0.635650256614658,0.389175257731959,0.416237113402062,2734,2684,70.031,58.659
"071_matched_control_FO538757.2","matched_control","KIT","FO538757.2","matched",1,20260724,0.0263426352810399,0.210730996553231,0.200264520741401,0.173969072164948,0.173109965635739,2733,2721,80.183,82.463
"072_matched_control_C17orf62","matched_control","KIT","C17orf62","matched",2,20260724,0.0291189426320023,0.210730996553231,0.202818645167266,0.173969072164948,0.178694158075601,2733,2701,80.183,80.951
"073_matched_control_HMGB3","matched_control","KIT","HMGB3","matched",3,20260724,0.0343373596571732,0.210730996553231,0.199107433097837,0.173969072164948,0.178264604810997,2733,2687,80.183,78.507
"074_matched_control_NBAS","matched_control","KIT","NBAS","matched",4,20260724,0.034632659127145,0.210730996553231,0.191834714656876,0.173969072164948,0.172250859106529,2733,2732,80.183,81
"075_matched_control_NCF4","matched_control","KIT","NCF4","matched",5,20260724,0.0372526227965621,0.210730996553231,0.194901021378733,0.173969072164948,0.178694158075601,2733,2759,80.183,80.857
"076_matched_control_ANKRD17","matched_control","KIT","ANKRD17","matched",6,20260724,0.0384605943270992,0.210730996553231,0.20201287979301,0.173969072164948,0.176546391752577,2733,2594,80.183,79.533
"077_matched_control_SLC38A1","matched_control","KIT","SLC38A1","matched",7,20260724,0.0417187868812635,0.210730996553231,0.233635959252644,0.173969072164948,0.173539518900344,2733,2741,80.183,78.705
"078_matched_control_CARD8","matched_control","KIT","CARD8","matched",8,20260724,0.0516224007114866,0.210730996553231,0.210508389603872,0.173969072164948,0.177405498281787,2733,2563,80.183,83.662
"079_matched_control_COPB2","matched_control","KIT","COPB2","matched",9,20260724,0.0529938444712829,0.210730996553231,0.189926164091329,0.173969072164948,0.177405498281787,2733,2702,80.183,76.131
"080_matched_control_SHARPIN","matched_control","KIT","SHARPIN","matched",10,20260724,0.0554779612020694,0.210730996553231,0.19243436458705,0.173969072164948,0.168384879725086,2733,2708,80.183,76.037
"081_matched_control_SAFB2","matched_control","KIT","SAFB2","matched",11,20260724,0.0609446034338837,0.210730996553231,0.188522511344819,0.173969072164948,0.168814432989691,2733,2729,80.183,85.104
"082_matched_control_PUM2","matched_control","KIT","PUM2","matched",12,20260724,0.0613745461744436,0.210730996553231,0.193950542070346,0.173969072164948,0.164518900343643,2733,2660,80.183,82.001
"083_matched_control_SEC61A1","matched_control","KIT","SEC61A1","matched",13,20260724,0.0628215322167956,0.210730996553231,0.190130255990956,0.173969072164948,0.170962199312715,2733,2670,80.183,86.166
"084_matched_control_CDV3","matched_control","KIT","CDV3","matched",14,20260724,0.0633755249254639,0.210730996553231,0.199664525131644,0.173969072164948,0.178264604810997,2733,2702,80.183,73.609
"085_matched_control_ATXN2","matched_control","KIT","ATXN2","matched",15,20260724,0.0666777198973047,0.210730996553231,0.184367649505534,0.173969072164948,0.165807560137457,2733,2720,80.183,83.097
"086_matched_control_IARS2","matched_control","KIT","IARS2","matched",16,20260724,0.0677651647004918,0.210730996553231,0.199272690185465,0.173969072164948,0.179982817869416,2733,2766,80.183,87.455
"087_matched_control_AP1M1","matched_control","KIT","AP1M1","matched",17,20260724,0.0687605868982618,0.210730996553231,0.178747389137844,0.173969072164948,0.166666666666667,2733,2738,80.183,81.971
"088_matched_control_TMEM109","matched_control","KIT","TMEM109","matched",18,20260724,0.0694411395754723,0.210730996553231,0.190627449322104,0.173969072164948,0.176975945017182,2733,2753,80.183,73.389
"089_matched_control_ERLEC1","matched_control","KIT","ERLEC1","matched",19,20260724,0.077725499327801,0.210730996553231,0.218850297106596,0.173969072164948,0.187285223367698,2733,2751,80.183,75.586
"090_matched_control_MAP3K8","matched_control","KIT","MAP3K8","matched",20,20260724,0.0790687665865248,0.210730996553231,0.20342061365126,0.173969072164948,0.167525773195876,2733,2623,80.183,88.665
"091_matched_control_OSTF1","matched_control","SYK","OSTF1","matched",1,20260724,0.0428135022860915,0.30973850639054,0.321218526373792,0.247852233676976,0.238831615120275,2800,2758,171.62,169.576
"092_matched_control_RILPL2","matched_control","SYK","RILPL2","matched",2,20260724,0.0440233590488289,0.30973850639054,0.315973346629562,0.247852233676976,0.256013745704467,2800,2747,171.62,164.974
"093_matched_control_PPCS","matched_control","SYK","PPCS","matched",3,20260724,0.0477972548140787,0.30973850639054,0.287215178339603,0.247852233676976,0.243556701030928,2800,2777,171.62,177.168
"094_matched_control_AMD1","matched_control","SYK","AMD1","matched",4,20260724,0.0492098595420238,0.30973850639054,0.323607674905546,0.247852233676976,0.256013745704467,2800,2729,171.62,178.027
"095_matched_control_MAT2A","matched_control","SYK","MAT2A","matched",5,20260724,0.0589650992503139,0.30973850639054,0.305508247710296,0.247852233676976,0.246993127147766,2800,2808,171.62,157.054
"096_matched_control_CHMP2A","matched_control","SYK","CHMP2A","matched",6,20260724,0.0590022837527239,0.30973850639054,0.283555490006659,0.247852233676976,0.241838487972509,2800,2780,171.62,164.293
"097_matched_control_LRPPRC","matched_control","SYK","LRPPRC","matched",7,20260724,0.0593895256829692,0.30973850639054,0.284279121678473,0.247852233676976,0.237972508591065,2800,2813,171.62,172.688
"098_matched_control_SERINC3","matched_control","SYK","SERINC3","matched",8,20260724,0.0613624322360694,0.30973850639054,0.328803918677555,0.247852233676976,0.255584192439863,2800,2762,171.62,161.219
"099_matched_control_TWF2","matched_control","SYK","TWF2","matched",9,20260724,0.0637394036417835,0.30973850639054,0.307466903625915,0.247852233676976,0.248281786941581,2800,2719,171.62,188.254
"100_matched_control_CKAP2","matched_control","SYK","CKAP2","matched",10,20260724,0.0755514749284261,0.30973850639054,0.295548840595937,0.247852233676976,0.236254295532646,2800,2749,171.62,158.295
"101_matched_control_VTI1B","matched_control","SYK","VTI1B","matched",11,20260724,0.0765479676514965,0.30973850639054,0.298732570726239,0.247852233676976,0.236683848797251,2800,2753,171.62,157.067
"102_matched_control_SDHA","matched_control","SYK","SDHA","matched",12,20260724,0.0801200557212631,0.30973850639054,0.287372140507344,0.247852233676976,0.237972508591065,2800,2794,171.62,157.149
"103_matched_control_MAP1LC3B","matched_control","SYK","MAP1LC3B","matched",13,20260724,0.0891188712316893,0.30973850639054,0.358739347052635,0.247852233676976,0.252577319587629,2800,2783,171.62,166.897
"104_matched_control_EIF4E","matched_control","SYK","EIF4E","matched",14,20260724,0.0913617841649607,0.30973850639054,0.344129187945561,0.247852233676976,0.263745704467354,2800,2768,171.62,163.601
"105_matched_control_PNPLA2","matched_control","SYK","PNPLA2","matched",15,20260724,0.0941088752150181,0.30973850639054,0.279738392523319,0.247852233676976,0.233676975945017,2800,2802,171.62,186.293
"106_matched_control_SELT","matched_control","SYK","SELT","matched",16,20260724,0.0978408768842224,0.30973850639054,0.351214948264595,0.247852233676976,0.260309278350515,2800,2796,171.62,183.879
"107_matched_control_REXO2","matched_control","SYK","REXO2","matched",17,20260724,0.0990402205516842,0.30973850639054,0.280743353673337,0.247852233676976,0.234965635738832,2800,2765,171.62,154.889
"108_matched_control_KRAS","matched_control","SYK","KRAS","matched",18,20260724,0.100246473493678,0.30973850639054,0.270124541073653,0.247852233676976,0.230240549828179,2800,2783,171.62,167.342
"109_matched_control_RAB13","matched_control","SYK","RAB13","matched",19,20260724,0.101169338671594,0.30973850639054,0.290183698103732,0.247852233676976,0.242697594501718,2800,2798,171.62,148.984
"110_matched_control_BLOC1S6","matched_control","SYK","BLOC1S6","matched",20,20260724,0.101189681014412,0.30973850639054,0.303706019378111,0.247852233676976,0.234965635738832,2800,2715,171.62,195.063
"111_matched_control_HDGF","matched_control","GSK3B","HDGF","matched",1,20260724,0.0346278867380905,0.246878543013508,0.244927325726323,0.196735395189003,0.194587628865979,2704,2752,132.205,138.614
"112_matched_control_SRPK2","matched_control","GSK3B","SRPK2","matched",2,20260724,0.0454402415499761,0.246878543013508,0.238244766693795,0.196735395189003,0.20446735395189,2704,2784,132.205,135.535
"113_matched_control_GTF2H5","matched_control","GSK3B","GTF2H5","matched",3,20260724,0.0540705011260846,0.246878543013508,0.227135640405432,0.196735395189003,0.204896907216495,2704,2788,132.205,131.984
"114_matched_control_NPDC1","matched_control","GSK3B","NPDC1","matched",4,20260724,0.0601374675498808,0.246878543013508,0.232678257552038,0.196735395189003,0.202319587628866,2704,2790,132.205,141.451
"115_matched_control_MTCH1","matched_control","GSK3B","MTCH1","matched",5,20260724,0.0629215182654694,0.246878543013508,0.213562744383337,0.196735395189003,0.19286941580756,2704,2777,132.205,132.789
"116_matched_control_HELLS","matched_control","GSK3B","HELLS","matched",6,20260724,0.0678770741400266,0.246878543013508,0.231926396319441,0.196735395189003,0.189862542955326,2704,2786,132.205,122.429
"117_matched_control_RBM6","matched_control","GSK3B","RBM6","matched",7,20260724,0.0697219343422249,0.246878543013508,0.227220293595657,0.196735395189003,0.195876288659794,2704,2798,132.205,144.137
"118_matched_control_MMP24-AS1","matched_control","GSK3B","MMP24-AS1","matched",8,20260724,0.0734459127674167,0.246878543013508,0.236562166472626,0.196735395189003,0.18213058419244,2704,2714,132.205,135.238
"119_matched_control_AFF4","matched_control","GSK3B","AFF4","matched",9,20260724,0.0736068152138071,0.246878543013508,0.224604986660062,0.196735395189003,0.184707903780069,2704,2787,132.205,128.678
"120_matched_control_AK3","matched_control","GSK3B","AK3","matched",10,20260724,0.0748465591924448,0.246878543013508,0.212083506740925,0.196735395189003,0.19372852233677,2704,2792,132.205,125.005
"121_matched_control_MRPS26","matched_control","GSK3B","MRPS26","matched",11,20260724,0.076010953221317,0.246878543013508,0.229678146414295,0.196735395189003,0.210910652920962,2704,2791,132.205,128.187
"122_matched_control_EAF2","matched_control","GSK3B","EAF2","matched",12,20260724,0.0761383270455281,0.246878543013508,0.21858093418294,0.196735395189003,0.205756013745704,2704,2795,132.205,125.225
"123_matched_control_UBAC2","matched_control","GSK3B","UBAC2","matched",13,20260724,0.0777454919234385,0.246878543013508,0.266055736692471,0.196735395189003,0.211340206185567,2704,2692,132.205,127.386
"124_matched_control_FIP1L1","matched_control","GSK3B","FIP1L1","matched",14,20260724,0.0777524911289219,0.246878543013508,0.218164753853641,0.196735395189003,0.196735395189003,2704,2691,132.205,120.749
"125_matched_control_GLG1","matched_control","GSK3B","GLG1","matched",15,20260724,0.0818362132744594,0.246878543013508,0.253281613281602,0.196735395189003,0.197594501718213,2704,2765,132.205,117.086
"126_matched_control_AKIRIN1","matched_control","GSK3B","AKIRIN1","matched",16,20260724,0.0841554636558362,0.246878543013508,0.24145278954549,0.196735395189003,0.195446735395189,2704,2753,132.205,116.574
"127_matched_control_ATP5S","matched_control","GSK3B","ATP5S","matched",17,20260724,0.0848531020080582,0.246878543013508,0.216105504673654,0.196735395189003,0.189862542955326,2704,2687,132.205,121.161
"128_matched_control_STARD3NL","matched_control","GSK3B","STARD3NL","matched",18,20260724,0.0850789147188017,0.246878543013508,0.235332110952008,0.196735395189003,0.2053264604811,2704,2799,132.205,146.967
"129_matched_control_GAMT","matched_control","GSK3B","GAMT","matched",19,20260724,0.0889977886056661,0.246878543013508,0.231220456538285,0.196735395189003,0.210910652920962,2704,2800,132.205,142.919
"130_matched_control_THUMPD1","matched_control","GSK3B","THUMPD1","matched",20,20260724,0.0893800706626352,0.246878543013508,0.227171606989275,0.196735395189003,0.196735395189003,2704,2747,132.205,116.696
"131_matched_control_CGGBP1","matched_control","HIF1A","CGGBP1","matched",1,20260724,0.0202422594130605,0.311866844922962,0.307144203187126,0.246563573883162,0.248281786941581,2685,2616,55.892,56.405
"132_matched_control_NT5C","matched_control","HIF1A","NT5C","matched",2,20260724,0.0368563781790153,0.311866844922962,0.300323448672753,0.246563573883162,0.24914089347079,2685,2714,55.892,58.389
"133_matched_control_RIF1","matched_control","HIF1A","RIF1","matched",3,20260724,0.0402733295837786,0.311866844922962,0.296411206803076,0.246563573883162,0.23926116838488,2685,2704,55.892,55.368
"134_matched_control_ARRB2","matched_control","HIF1A","ARRB2","matched",4,20260724,0.0438021291091655,0.311866844922962,0.320898055624156,0.246563573883162,0.246134020618557,2685,2704,55.892,52.507
"135_matched_control_SLIRP","matched_control","HIF1A","SLIRP","matched",5,20260724,0.0438078968614802,0.311866844922962,0.311158572760857,0.246563573883162,0.257302405498282,2685,2704,55.892,54.814
"136_matched_control_CEBPZ","matched_control","HIF1A","CEBPZ","matched",6,20260724,0.0488989238357383,0.311866844922962,0.311692466841013,0.246563573883162,0.256872852233677,2685,2706,55.892,58.317
"137_matched_control_MRPS35","matched_control","HIF1A","MRPS35","matched",7,20260724,0.0517760757368343,0.311866844922962,0.295945160403763,0.246563573883162,0.257302405498282,2685,2632,55.892,56.314
"138_matched_control_ARID4B","matched_control","HIF1A","ARID4B","matched",8,20260724,0.0534644677593629,0.311866844922962,0.319461524387204,0.246563573883162,0.254295532646048,2685,2656,55.892,52.428
"139_matched_control_CHD1","matched_control","HIF1A","CHD1","matched",9,20260724,0.0557788632627672,0.311866844922962,0.316994095805986,0.246563573883162,0.260309278350515,2685,2627,55.892,56.3
"140_matched_control_GLIPR1","matched_control","HIF1A","GLIPR1","matched",10,20260724,0.0606715956576653,0.311866844922962,0.322569742829907,0.246563573883162,0.234536082474227,2685,2695,55.892,53.227
"141_matched_control_PTBP3","matched_control","HIF1A","PTBP3","matched",11,20260724,0.0615328571558565,0.311866844922962,0.294214363902324,0.246563573883162,0.234106529209622,2685,2672,55.892,57.508
"142_matched_control_USP1","matched_control","HIF1A","USP1","matched",12,20260724,0.0626260513827558,0.311866844922962,0.323897285731108,0.246563573883162,0.254295532646048,2685,2720,55.892,60.365
"143_matched_control_NDUFA5","matched_control","HIF1A","NDUFA5","matched",13,20260724,0.0650988102211254,0.311866844922962,0.298689573352215,0.246563573883162,0.240979381443299,2685,2555,55.892,60.138
"144_matched_control_CLEC11A","matched_control","HIF1A","CLEC11A","matched",14,20260724,0.0675512636862151,0.311866844922962,0.333852715853417,0.246563573883162,0.233247422680412,2685,2730,55.892,56.925
"145_matched_control_SNRNP40","matched_control","HIF1A","SNRNP40","matched",15,20260724,0.0686479444323831,0.311866844922962,0.296138136518887,0.246563573883162,0.253865979381443,2685,2691,55.892,60.926
"146_matched_control_MARCKSL1","matched_control","HIF1A","MARCKSL1","matched",16,20260724,0.0696944948601254,0.311866844922962,0.292517342576607,0.246563573883162,0.231958762886598,2685,2725,55.892,57.105
"147_matched_control_UPF2","matched_control","HIF1A","UPF2","matched",17,20260724,0.0722245234265724,0.311866844922962,0.315179984714521,0.246563573883162,0.251718213058419,2685,2425,55.892,53.55
"148_matched_control_BIRC6","matched_control","HIF1A","BIRC6","matched",18,20260724,0.0725848052720138,0.311866844922962,0.290261242585477,0.246563573883162,0.232388316151203,2685,2637,55.892,57.826
"149_matched_control_SNRNP200","matched_control","HIF1A","SNRNP200","matched",19,20260724,0.0779512810389706,0.311866844922962,0.297736326999843,0.246563573883162,0.25,2685,2681,55.892,49.974
"150_matched_control_WSB1","matched_control","HIF1A","WSB1","matched",20,20260724,0.0812990469087828,0.311866844922962,0.332111076726665,0.246563573883162,0.265463917525773,2685,2680,55.892,56.747
"151_matched_control_UIMC1","matched_control","TOP2A","UIMC1","matched",1,20260724,0.0753690095545338,0.215590434744588,0.181636187078054,0.140893470790378,0.13745704467354,2592,2681,128.553,135.856
"152_matched_control_BTN3A2","matched_control","TOP2A","BTN3A2","matched",2,20260724,0.0758462950310974,0.215590434744588,0.174894589116778,0.140893470790378,0.143900343642612,2592,2667,128.553,126.49
"153_matched_control_SUN2","matched_control","TOP2A","SUN2","matched",3,20260724,0.0894862736224836,0.215590434744588,0.190776942318832,0.140893470790378,0.153350515463918,2592,2684,128.553,124.702
"154_matched_control_PCGF5","matched_control","TOP2A","PCGF5","matched",4,20260724,0.0915901457576947,0.215590434744588,0.206519670624149,0.140893470790378,0.155498281786942,2592,2683,128.553,124.219
"155_matched_control_CASP3","matched_control","TOP2A","CASP3","matched",5,20260724,0.0922041179377893,0.215590434744588,0.177176946531161,0.140893470790378,0.148625429553265,2592,2783,128.553,128.032
"156_matched_control_HTATIP2","matched_control","TOP2A","HTATIP2","matched",6,20260724,0.0963844084896379,0.215590434744588,0.210475601500524,0.140893470790378,0.151632302405498,2592,2673,128.553,142.973
"157_matched_control_PACSIN2","matched_control","TOP2A","PACSIN2","matched",7,20260724,0.103627511036589,0.215590434744588,0.16775687427966,0.140893470790378,0.136168384879725,2592,2614,128.553,118.331
"158_matched_control_SHPRH","matched_control","TOP2A","SHPRH","matched",8,20260724,0.105486102387306,0.215590434744588,0.176765531906828,0.140893470790378,0.152491408934708,2592,2782,128.553,127.227
"159_matched_control_YPEL3","matched_control","TOP2A","YPEL3","matched",9,20260724,0.105992405699854,0.215590434744588,0.188173523915387,0.140893470790378,0.13659793814433,2592,2718,128.553,146.528
"160_matched_control_ASB8","matched_control","TOP2A","ASB8","matched",10,20260724,0.119585624450601,0.215590434744588,0.171569200559015,0.140893470790378,0.13745704467354,2592,2730,128.553,113.208
"161_matched_control_HTT","matched_control","TOP2A","HTT","matched",11,20260724,0.12256972005652,0.215590434744588,0.162138300729267,0.140893470790378,0.13573883161512,2592,2682,128.553,143.066
"162_matched_control_CDK5RAP2","matched_control","TOP2A","CDK5RAP2","matched",12,20260724,0.122742551852909,0.215590434744588,0.18174676784358,0.140893470790378,0.155498281786942,2592,2713,128.553,117.286
"163_matched_control_ARFGAP3","matched_control","TOP2A","ARFGAP3","matched",13,20260724,0.125640138082818,0.215590434744588,0.174281535291961,0.140893470790378,0.157646048109966,2592,2747,128.553,128.732
"164_matched_control_PROM1","matched_control","TOP2A","PROM1","matched",14,20260724,0.12805059485515,0.215590434744588,0.174772764843544,0.140893470790378,0.146907216494845,2592,2776,128.553,111.925
"165_matched_control_RP11-354E11.2","matched_control","TOP2A","RP11-354E11.2","matched",15,20260724,0.132244916413985,0.215590434744588,0.185491690657962,0.140893470790378,0.123711340206186,2592,2783,128.553,134.152
"166_matched_control_KIAA1109","matched_control","TOP2A","KIAA1109","matched",16,20260724,0.134164658596084,0.215590434744588,0.171393931222563,0.140893470790378,0.134020618556701,2592,2685,128.553,149.468
"167_matched_control_EP300","matched_control","TOP2A","EP300","matched",17,20260724,0.135356867043261,0.215590434744588,0.154855419635064,0.140893470790378,0.128865979381443,2592,2745,128.553,125.677
"168_matched_control_FBXO9","matched_control","TOP2A","FBXO9","matched",18,20260724,0.136303543542877,0.215590434744588,0.193175598651334,0.140893470790378,0.157646048109966,2592,2755,128.553,113.924
"169_matched_control_ADD1","matched_control","TOP2A","ADD1","matched",19,20260724,0.13767889234981,0.215590434744588,0.191066097805839,0.140893470790378,0.162371134020619,2592,2773,128.553,124.599
"170_matched_control_ASPM","matched_control","TOP2A","ASPM","matched",20,20260724,0.138032819509083,0.215590434744588,0.180070084237035,0.140893470790378,0.123281786941581,2592,2726,128.553,136.62
"171_matched_control_CD2","matched_control","TERT","CD2","matched",1,20260724,0.835526872442508,0.0126374891305064,0.0834641244288663,0.0171821305841924,0.0511168384879725,819,734,0.911,0.982
"172_matched_control_CD8B","matched_control","TERT","CD8B","matched",2,20260724,0.93003565421213,0.0126374891305064,0.116764252909697,0.0171821305841924,0.0515463917525773,819,1118,0.911,2.128
"173_matched_control_ALAS2","matched_control","TERT","ALAS2","matched",3,20260724,0.941456491993526,0.0126374891305064,0.0517555366806879,0.0171821305841924,0.0309278350515464,819,1423,0.911,4.977
"174_matched_control_MECOM","matched_control","TERT","MECOM","matched",4,20260724,0.999562425529278,0.0126374891305064,0.0480914480041081,0.0171821305841924,0.0536941580756014,819,1425,0.911,2.331
"175_matched_control_SERPINA1","matched_control","TERT","SERPINA1","matched",5,20260724,1.06674310442012,0.0126374891305064,0.113702649365109,0.0171821305841924,0.0541237113402062,819,1004,0.911,3.602
"176_matched_control_HBG1","matched_control","TERT","HBG1","matched",6,20260724,1.11104065970462,0.0126374891305064,0.117882802879292,0.0171821305841924,0.0438144329896907,819,1391,0.911,5.131
"177_matched_control_FGL2","matched_control","TERT","FGL2","matched",7,20260724,1.12362872064652,0.0126374891305064,0.120101975304518,0.0171821305841924,0.0674398625429553,819,1089,0.911,2.207
"178_matched_control_HIST1H4H","matched_control","TERT","HIST1H4H","matched",8,20260724,1.18017005727298,0.0126374891305064,0.127629652792857,0.0171821305841924,0.0725945017182131,819,1132,0.911,2.153
"179_matched_control_MS4A7","matched_control","TERT","MS4A7","matched",9,20260724,1.2431572809841,0.0126374891305064,0.0586268611962322,0.0171821305841924,0.0390893470790378,819,157,0.911,0.157
"180_matched_control_CAMP","matched_control","TERT","CAMP","matched",10,20260724,1.26817780151782,0.0126374891305064,0.149719311792193,0.0171821305841924,0.0846219931271478,819,864,0.911,1.818
"181_matched_control_CYBB","matched_control","TERT","CYBB","matched",11,20260724,1.31754847717008,0.0126374891305064,0.164224871881984,0.0171821305841924,0.0919243986254296,819,668,0.911,0.889
"182_matched_control_SYNE2","matched_control","TERT","SYNE2","matched",12,20260724,1.33270561252088,0.0126374891305064,0.163723587875163,0.0171821305841924,0.0889175257731959,819,489,0.911,0.525
"183_matched_control_VCAN","matched_control","TERT","VCAN","matched",13,20260724,1.34016269495086,0.0126374891305064,0.213546308941987,0.0171821305841924,0.0923539518900344,819,776,0.911,1.268
"184_matched_control_ARL4C","matched_control","TERT","ARL4C","matched",14,20260724,1.36323981821283,0.0126374891305064,0.135382989811955,0.0171821305841924,0.084192439862543,819,1352,0.911,3.015
"185_matched_control_SPOCK2","matched_control","TERT","SPOCK2","matched",15,20260724,1.36476480579028,0.0126374891305064,0.141335659964341,0.0171821305841924,0.0880584192439863,819,394,0.911,0.394
"186_matched_control_LGALS3","matched_control","TERT","LGALS3","matched",16,20260724,1.37943367139054,0.0126374891305064,0.132965106908897,0.0171821305841924,0.0734536082474227,819,246,0.911,0.246
"187_matched_control_ISG20","matched_control","TERT","ISG20","matched",17,20260724,1.42025286541891,0.0126374891305064,0.139725520117134,0.0171821305841924,0.093213058419244,819,1285,0.911,2.822
"188_matched_control_CFD","matched_control","TERT","CFD","matched",18,20260724,1.4603175778601,0.0126374891305064,0.18353482010818,0.0171821305841924,0.105240549828179,819,892,0.911,2.058
"189_matched_control_CD14","matched_control","TERT","CD14","matched",19,20260724,1.47123916558452,0.0126374891305064,0.0725058708185601,0.0171821305841924,0.0369415807560137,819,1945,0.911,11.409
"190_matched_control_LBH","matched_control","TERT","LBH","matched",20,20260724,1.51394611401316,0.0126374891305064,0.168768463574214,0.0171821305841924,0.102233676975945,819,1264,0.911,3.168
"191_matched_control_RBMS1","matched_control","CD38","RBMS1","matched",1,20260724,0.0642932010409398,0.151681695771511,0.162153715737057,0.13573883161512,0.137027491408935,2574,2584,26.203,28.832
"192_matched_control_TMC8","matched_control","CD38","TMC8","matched",2,20260724,0.0679608460957981,0.151681695771511,0.168426258395245,0.13573883161512,0.141752577319588,2574,2379,26.203,26.396
"193_matched_control_AGTPBP1","matched_control","CD38","AGTPBP1","matched",3,20260724,0.0689850000584945,0.151681695771511,0.174560358268697,0.13573883161512,0.131872852233677,2574,2374,26.203,26.52
"194_matched_control_INPP4B","matched_control","CD38","INPP4B","matched",4,20260724,0.0803555896255601,0.151681695771511,0.17993166876092,0.13573883161512,0.141752577319588,2574,2372,26.203,25.767
"195_matched_control_ST3GAL1","matched_control","CD38","ST3GAL1","matched",5,20260724,0.0926389715661173,0.151681695771511,0.158963664278929,0.13573883161512,0.125429553264605,2574,2358,26.203,24.909
"196_matched_control_MCTP2","matched_control","CD38","MCTP2","matched",6,20260724,0.0964804505701966,0.151681695771511,0.169818694466561,0.13573883161512,0.146907216494845,2574,2619,26.203,28.806
"197_matched_control_A1BG","matched_control","CD38","A1BG","matched",7,20260724,0.114119725095485,0.151681695771511,0.176355522524615,0.13573883161512,0.153350515463918,2574,2505,26.203,26.391
"198_matched_control_HIST1H3B","matched_control","CD38","HIST1H3B","matched",8,20260724,0.116570834282799,0.151681695771511,0.168583372109675,0.13573883161512,0.121134020618557,2574,2337,26.203,26.22
"199_matched_control_FOSB","matched_control","CD38","FOSB","matched",9,20260724,0.123485232639966,0.151681695771511,0.202892013480533,0.13573883161512,0.149054982817869,2574,2486,26.203,27.129
"200_matched_control_PPP2R5C","matched_control","CD38","PPP2R5C","matched",10,20260724,0.124807729932619,0.151681695771511,0.172998967162982,0.13573883161512,0.141752577319588,2574,2588,26.203,31.279
"201_matched_control_POLR2J3","matched_control","CD38","POLR2J3","matched",11,20260724,0.139663394860797,0.151681695771511,0.162630697312983,0.13573883161512,0.133591065292096,2574,2324,26.203,21.619
"202_matched_control_EFCAB14","matched_control","CD38","EFCAB14","matched",12,20260724,0.148687112360499,0.151681695771511,0.180253143184031,0.13573883161512,0.152491408934708,2574,2568,26.203,30.577
"203_matched_control_CNOT1","matched_control","CD38","CNOT1","matched",13,20260724,0.14973876010087,0.151681695771511,0.177718274996737,0.13573883161512,0.160223367697595,2574,2532,26.203,26.074
"204_matched_control_RASAL3","matched_control","CD38","RASAL3","matched",14,20260724,0.149812227757618,0.151681695771511,0.158282601903773,0.13573883161512,0.12585910652921,2574,2522,26.203,32.332
"205_matched_control_ALG13","matched_control","CD38","ALG13","matched",15,20260724,0.15140172334389,0.151681695771511,0.156802274514379,0.13573883161512,0.137027491408935,2574,2277,26.203,21.344
"206_matched_control_CYLD","matched_control","CD38","CYLD","matched",16,20260724,0.151791447787993,0.151681695771511,0.171131218620557,0.13573883161512,0.138316151202749,2574,2432,26.203,32.751
"207_matched_control_DPYD","matched_control","CD38","DPYD","matched",17,20260724,0.160378778124604,0.151681695771511,0.18741903513684,0.13573883161512,0.152491408934708,2574,2510,26.203,22.099
"208_matched_control_OXR1","matched_control","CD38","OXR1","matched",18,20260724,0.171117929755211,0.151681695771511,0.166174606919132,0.13573883161512,0.146907216494845,2574,2638,26.203,33.352
"209_matched_control_CTSG","matched_control","CD38","CTSG","matched",19,20260724,0.17301520240111,0.151681695771511,0.200567730780957,0.13573883161512,0.143470790378007,2574,2589,26.203,32.766
"210_matched_control_CREB1","matched_control","CD38","CREB1","matched",20,20260724,0.175897167327902,0.151681695771511,0.179304215505434,0.13573883161512,0.15893470790378,2574,2476,26.203,30.576
