id,source,target,panel,interaction,edge_type,evidence_level,overlap_count,overlap_genes,contrast,logFC,p_value,bh_by_contrast,provenance,evidence_boundary,n_variants_agree_top1,n_variants_tested,pct_variants_agree_top1,baseline_top1_mean_score,baseline_top2_cell_type,baseline_top2_mean_score,baseline_top1_top2_delta,baseline_top1_top2_relative_delta,subject_timepoint_top1_matches_pooled
B_TM_001,B_TGT_CDK6,B_MOD_turquoise,B,strict module membership,B_Target-module,strict 42-profile WGCNA module assignment,,,,,,,Formal Top30 own_module_if_top5000.,Module membership only; not single-gene differential expression.,,,,,,,,,
B_TM_002,B_TGT_CA2,B_MOD_midnightblue,B,strict module membership,B_Target-module,strict 42-profile WGCNA module assignment,,,,,,,Formal Top30 own_module_if_top5000.,Module membership only; not single-gene differential expression.,,,,,,,,,
B_TM_003,B_TGT_HSP90AB1,B_MOD_turquoise,B,strict module membership,B_Target-module,strict 42-profile WGCNA module assignment,,,,,,,Formal Top30 own_module_if_top5000.,Module membership only; not single-gene differential expression.,,,,,,,,,
B_TM_004,B_TGT_PARP1,B_MOD_turquoise,B,strict module membership,B_Target-module,strict 42-profile WGCNA module assignment,,,,,,,Formal Top30 own_module_if_top5000.,Module membership only; not single-gene differential expression.,,,,,,,,,
B_TM_005,B_TGT_ACHE,B_MOD_midnightblue,B,strict module membership,B_Target-module,strict 42-profile WGCNA module assignment,,,,,,,Formal Top30 own_module_if_top5000.,Module membership only; not single-gene differential expression.,,,,,,,,,
B_TM_006,B_TGT_HIF1A,B_MOD_turquoise,B,strict module membership,B_Target-module,strict 42-profile WGCNA module assignment,,,,,,,Formal Top30 own_module_if_top5000.,Module membership only; not single-gene differential expression.,,,,,,,,,
B_TM_007,B_TGT_KIT,B_MOD_turquoise,B,strict module membership,B_Target-module,strict 42-profile WGCNA module assignment,,,,,,,Formal Top30 own_module_if_top5000.,Module membership only; not single-gene differential expression.,,,,,,,,,
B_TM_008,B_TGT_CDK4,B_MOD_magenta,B,strict module membership,B_Target-module,strict 42-profile WGCNA module assignment,,,,,,,Formal Top30 own_module_if_top5000.,Module membership only; not single-gene differential expression.,,,,,,,,,
B_TM_009,B_TGT_APEX1,B_MOD_blue,B,strict module membership,B_Target-module,strict 42-profile WGCNA module assignment,,,,,,,Formal Top30 own_module_if_top5000.,Module membership only; not single-gene differential expression.,,,,,,,,,
B_TM_010,B_TGT_SYK,B_MOD_royalblue,B,strict module membership,B_Target-module,strict 42-profile WGCNA module assignment,,,,,,,Formal Top30 own_module_if_top5000.,Module membership only; not single-gene differential expression.,,,,,,,,,
B_TM_011,B_TGT_TOP2A,B_MOD_darkred,B,strict module membership,B_Target-module,strict 42-profile WGCNA module assignment,,,,,,,Formal Top30 own_module_if_top5000.,Module membership only; not single-gene differential expression.,,,,,,,,,
B_TM_012,B_TGT_HSP90AA1,B_MOD_blue,B,strict module membership,B_Target-module,strict 42-profile WGCNA module assignment,,,,,,,Formal Top30 own_module_if_top5000.,Module membership only; not single-gene differential expression.,,,,,,,,,
B_TM_013,B_TGT_CHEK1,B_MOD_turquoise,B,strict module membership,B_Target-module,strict 42-profile WGCNA module assignment,,,,,,,Formal Top30 own_module_if_top5000.,Module membership only; not single-gene differential expression.,,,,,,,,,
B_TM_014,B_TGT_SIGMAR1,B_MOD_lightyellow,B,strict module membership,B_Target-module,strict 42-profile WGCNA module assignment,,,,,,,Formal Top30 own_module_if_top5000.,Module membership only; not single-gene differential expression.,,,,,,,,,
B_TM_015,B_TGT_PTPN11,B_MOD_greenyellow,B,strict module membership,B_Target-module,strict 42-profile WGCNA module assignment,,,,,,,Formal Top30 own_module_if_top5000.,Module membership only; not single-gene differential expression.,,,,,,,,,
B_TM_016,B_TGT_CD38,B_MOD_lightcyan,B,strict module membership,B_Target-module,strict 42-profile WGCNA module assignment,,,,,,,Formal Top30 own_module_if_top5000.,Module membership only; not single-gene differential expression.,,,,,,,,,
B_TM_017,B_TGT_MDM4,B_MOD_turquoise,B,strict module membership,B_Target-module,strict 42-profile WGCNA module assignment,,,,,,,Formal Top30 own_module_if_top5000.,Module membership only; not single-gene differential expression.,,,,,,,,,
B_TM_018,B_TGT_MPO,B_MOD_blue,B,strict module membership,B_Target-module,strict 42-profile WGCNA module assignment,,,,,,,Formal Top30 own_module_if_top5000.,Module membership only; not single-gene differential expression.,,,,,,,,,
B_TM_019,B_TGT_PRKDC,B_MOD_turquoise,B,strict module membership,B_Target-module,strict 42-profile WGCNA module assignment,,,,,,,Formal Top30 own_module_if_top5000.,Module membership only; not single-gene differential expression.,,,,,,,,,
B_TM_020,B_TGT_GSK3B,B_MOD_purple,B,strict module membership,B_Target-module,strict 42-profile WGCNA module assignment,,,,,,,Formal Top30 own_module_if_top5000.,Module membership only; not single-gene differential expression.,,,,,,,,,
B_TM_021,B_TGT_CCNB1,B_MOD_blue,B,strict module membership,B_Target-module,strict 42-profile WGCNA module assignment,,,,,,,Formal Top30 own_module_if_top5000.,Module membership only; not single-gene differential expression.,,,,,,,,,
B_TM_022,B_TGT_G6PD,B_MOD_yellow,B,strict module membership,B_Target-module,strict 42-profile WGCNA module assignment,,,,,,,Formal Top30 own_module_if_top5000.,Module membership only; not single-gene differential expression.,,,,,,,,,
B_TM_023,B_TGT_MIF,B_MOD_magenta,B,strict module membership,B_Target-module,strict 42-profile WGCNA module assignment,,,,,,,Formal Top30 own_module_if_top5000.,Module membership only; not single-gene differential expression.,,,,,,,,,
B_TM_024,B_TGT_AURKB,B_MOD_darkred,B,strict module membership,B_Target-module,strict 42-profile WGCNA module assignment,,,,,,,Formal Top30 own_module_if_top5000.,Module membership only; not single-gene differential expression.,,,,,,,,,
B_TU_001,B_TGT_CDK2,B_UNASSIGNED_STRICT,B,strict assignment status,B_Target-unassigned,not assigned in strict network,,,,,,,Formal Top30 own_module_if_top5000 is empty.,Status link only; no module identity is inferred.,,,,,,,,,
B_TU_002,B_TGT_TERT,B_UNASSIGNED_STRICT,B,strict assignment status,B_Target-unassigned,not assigned in strict network,,,,,,,Formal Top30 own_module_if_top5000 is empty.,Status link only; no module identity is inferred.,,,,,,,,,
B_TU_003,B_TGT_PTGS2,B_UNASSIGNED_STRICT,B,strict assignment status,B_Target-unassigned,not assigned in strict network,,,,,,,Formal Top30 own_module_if_top5000 is empty.,Status link only; no module identity is inferred.,,,,,,,,,
B_TU_004,B_TGT_ARG1,B_UNASSIGNED_STRICT,B,strict assignment status,B_Target-unassigned,not assigned in strict network,,,,,,,Formal Top30 own_module_if_top5000 is empty.,Status link only; no module identity is inferred.,,,,,,,,,
B_TU_005,B_TGT_TBXAS1,B_UNASSIGNED_STRICT,B,strict assignment status,B_Target-unassigned,not assigned in strict network,,,,,,,Formal Top30 own_module_if_top5000 is empty.,Status link only; no module identity is inferred.,,,,,,,,,
B_TU_006,B_TGT_PIK3CG,B_UNASSIGNED_STRICT,B,strict assignment status,B_Target-unassigned,not assigned in strict network,,,,,,,Formal Top30 own_module_if_top5000 is empty.,Status link only; no module identity is inferred.,,,,,,,,,
B_MCXT_001,B_MOD_blue,B_CTX_HSPC_injury_stress,B,predefined signature overlap,B_Module-AA-context,gene-overlap annotation,1,,,,,,92 module_signature_overlap_annotation.csv.,"Overlap count only; not enrichment, module-trait association, or gene differential expression.",,,,,,,,,
B_MCXT_002,B_MOD_blue,B_CTX_cell_cycle_recovery,B,predefined signature overlap,B_Module-AA-context,gene-overlap annotation,3,,,,,,92 module_signature_overlap_annotation.csv.,"Overlap count only; not enrichment, module-trait association, or gene differential expression.",,,,,,,,,
B_MCXT_003,B_MOD_darkred,B_CTX_cell_cycle_recovery,B,predefined signature overlap,B_Module-AA-context,gene-overlap annotation,3,,,,,,92 module_signature_overlap_annotation.csv.,"Overlap count only; not enrichment, module-trait association, or gene differential expression.",,,,,,,,,
B_MCXT_004,B_MOD_lightyellow,B_CTX_cell_cycle_recovery,B,predefined signature overlap,B_Module-AA-context,gene-overlap annotation,1,,,,,,92 module_signature_overlap_annotation.csv.,"Overlap count only; not enrichment, module-trait association, or gene differential expression.",,,,,,,,,
B_MCXT_005,B_MOD_magenta,B_CTX_cell_cycle_recovery,B,predefined signature overlap,B_Module-AA-context,gene-overlap annotation,1,,,,,,92 module_signature_overlap_annotation.csv.,"Overlap count only; not enrichment, module-trait association, or gene differential expression.",,,,,,,,,
B_MCXT_006,B_MOD_midnightblue,B_CTX_liver_bone_marrow_response,B,predefined signature overlap,B_Module-AA-context,gene-overlap annotation,1,,,,,,92 module_signature_overlap_annotation.csv.,"Overlap count only; not enrichment, module-trait association, or gene differential expression.",,,,,,,,,
B_MCXT_007,B_MOD_purple,B_CTX_HSPC_injury_stress,B,predefined signature overlap,B_Module-AA-context,gene-overlap annotation,1,,,,,,92 module_signature_overlap_annotation.csv.,"Overlap count only; not enrichment, module-trait association, or gene differential expression.",,,,,,,,,
B_MCXT_008,B_MOD_purple,B_CTX_immune_IFN_TNF,B,predefined signature overlap,B_Module-AA-context,gene-overlap annotation,1,,,,,,92 module_signature_overlap_annotation.csv.,"Overlap count only; not enrichment, module-trait association, or gene differential expression.",,,,,,,,,
B_MCXT_009,B_MOD_turquoise,B_CTX_HSPC_identity,B,predefined signature overlap,B_Module-AA-context,gene-overlap annotation,5,,,,,,92 module_signature_overlap_annotation.csv.,"Overlap count only; not enrichment, module-trait association, or gene differential expression.",,,,,,,,,
B_MCXT_010,B_MOD_turquoise,B_CTX_HSPC_injury_stress,B,predefined signature overlap,B_Module-AA-context,gene-overlap annotation,1,,,,,,92 module_signature_overlap_annotation.csv.,"Overlap count only; not enrichment, module-trait association, or gene differential expression.",,,,,,,,,
B_MCXT_011,B_MOD_turquoise,B_CTX_immune_IFN_TNF,B,predefined signature overlap,B_Module-AA-context,gene-overlap annotation,2,,,,,,92 module_signature_overlap_annotation.csv.,"Overlap count only; not enrichment, module-trait association, or gene differential expression.",,,,,,,,,
B_MCXT_012,B_MOD_turquoise,B_CTX_hematopoietic_support,B,predefined signature overlap,B_Module-AA-context,gene-overlap annotation,3,,,,,,92 module_signature_overlap_annotation.csv.,"Overlap count only; not enrichment, module-trait association, or gene differential expression.",,,,,,,,,
B_MCXT_013,B_MOD_turquoise,B_CTX_liver_bone_marrow_response,B,predefined signature overlap,B_Module-AA-context,gene-overlap annotation,1,,,,,,92 module_signature_overlap_annotation.csv.,"Overlap count only; not enrichment, module-trait association, or gene differential expression.",,,,,,,,,
B_MCON_001,B_MOD_turquoise,B_CONTRAST_baseline_minus_HD,B,prespecified module-level contrast,B_Module-contrast_FDR,FDR,,,baseline_minus_HD,-0.299288786328667,0.000160941720958585,0.00108635661647045,92 strict_group_contrast_module_tests.csv.,Module-eigengene evidence only; not candidate-gene differential expression.,,,,,,,,,
B_MCON_002,B_MOD_royalblue,B_CONTRAST_baseline_minus_HD,B,prespecified module-level contrast,B_Module-contrast_FDR,FDR,,,baseline_minus_HD,0.243238826632143,0.00213732444356844,0.00824396571090685,92 strict_group_contrast_module_tests.csv.,Module-eigengene evidence only; not candidate-gene differential expression.,,,,,,,,,
B_MCON_003,B_MOD_blue,B_CONTRAST_baseline_minus_HD,B,prespecified module-level contrast,B_Module-contrast_FDR,FDR,,,baseline_minus_HD,-0.195803007740181,0.0133736911469277,0.036028779920578,92 strict_group_contrast_module_tests.csv.,Module-eigengene evidence only; not candidate-gene differential expression.,,,,,,,,,
B_MCON_004,B_MOD_lightyellow,B_CONTRAST_baseline_minus_HD,B,prespecified module-level contrast,B_Module-contrast_FDR,FDR,,,baseline_minus_HD,0.184246799360786,0.0199087729464295,0.0447947391294663,92 strict_group_contrast_module_tests.csv.,Module-eigengene evidence only; not candidate-gene differential expression.,,,,,,,,,
B_MCON_005,B_MOD_greenyellow,B_CONTRAST_M3_minus_baseline,B,prespecified module-level contrast,B_Module-contrast_nominal,nominal,,,M3_minus_baseline,0.198686671960504,0.0111608411025845,0.119181628331398,92 strict_group_contrast_module_tests.csv.,Module-eigengene evidence only; not candidate-gene differential expression.,,,,,,,,,
B_MCON_006,B_MOD_midnightblue,B_CONTRAST_M3_minus_baseline,B,prespecified module-level contrast,B_Module-contrast_nominal,nominal,,,M3_minus_baseline,-0.155798376731534,0.0464747629968213,0.179259800130596,92 strict_group_contrast_module_tests.csv.,Module-eigengene evidence only; not candidate-gene differential expression.,,,,,,,,,
B_MCON_007,B_MOD_blue,B_CONTRAST_M6_minus_baseline,B,prespecified module-level contrast,B_Module-contrast_FDR,FDR,,,M6_minus_baseline,0.160482515099848,0.000945666477308584,0.00638324872183294,92 strict_group_contrast_module_tests.csv.,Module-eigengene evidence only; not candidate-gene differential expression.,,,,,,,,,
B_MCON_008,B_MOD_turquoise,B_CONTRAST_M6_minus_baseline,B,prespecified module-level contrast,B_Module-contrast_FDR,FDR,,,M6_minus_baseline,0.138699507769343,0.00424486865640248,0.0125510087733379,92 strict_group_contrast_module_tests.csv.,Module-eigengene evidence only; not candidate-gene differential expression.,,,,,,,,,
B_MCON_009,B_MOD_royalblue,B_CONTRAST_M6_minus_baseline,B,prespecified module-level contrast,B_Module-contrast_FDR,FDR,,,M6_minus_baseline,-0.136887339708092,0.00477022398516536,0.0125510087733379,92 strict_group_contrast_module_tests.csv.,Module-eigengene evidence only; not candidate-gene differential expression.,,,,,,,,,
B_MCON_010,B_MOD_magenta,B_CONTRAST_M6_minus_baseline,B,prespecified module-level contrast,B_Module-contrast_FDR,FDR,,,M6_minus_baseline,0.129290607082779,0.00767385788234054,0.0172661802352662,92 strict_group_contrast_module_tests.csv.,Module-eigengene evidence only; not candidate-gene differential expression.,,,,,,,,,
B_MMAR_001,B_MOD_blue,B_COMP_HSPC,B,strict42 marrow descriptive context,B_Module-marrow-descriptive-context,descriptive context,,,,,,,Figure6_strict42_module_compartment_edges_verified_20260716_v1.csv,"Descriptive marker-defined marrow context; not enrichment, localization proof, causality, or independent validation.",9,9,100,0.320576198620149,T_NK,0.205616569074584,0.114959629545565,0.358603134107847,TRUE
B_MMAR_002,B_MOD_darkred,B_COMP_HSPC,B,strict42 marrow descriptive context,B_Module-marrow-descriptive-context,descriptive context,,,,,,,Figure6_strict42_module_compartment_edges_verified_20260716_v1.csv,"Descriptive marker-defined marrow context; not enrichment, localization proof, causality, or independent validation.",8,9,88.8888888888889,0.181991080014704,Erythroid,0.13021583871028,0.0517752413044235,0.284493291101082,TRUE
B_MMAR_003,B_MOD_lightcyan,B_COMP_B_Plasma,B,strict42 marrow descriptive context,B_Module-marrow-descriptive-context,descriptive context,,,,,,,Figure6_strict42_module_compartment_edges_verified_20260716_v1.csv,"Descriptive marker-defined marrow context; not enrichment, localization proof, causality, or independent validation.",8,9,88.8888888888889,0.245260769284581,HSPC,0.175073870489564,0.0701868987950166,0.286172546060872,TRUE
B_MMAR_004,B_MOD_magenta,B_COMP_HSPC,B,strict42 marrow descriptive context,B_Module-marrow-descriptive-context,descriptive context,,,,,,,Figure6_strict42_module_compartment_edges_verified_20260716_v1.csv,"Descriptive marker-defined marrow context; not enrichment, localization proof, causality, or independent validation.",9,9,100,0.443335775700489,Myeloid,0.333395068350203,0.109940707350286,0.247985191758041,TRUE
B_MMAR_005,B_MOD_midnightblue,B_COMP_Erythroid,B,strict42 marrow descriptive context,B_Module-marrow-descriptive-context,descriptive context,,,,,,,Figure6_strict42_module_compartment_edges_verified_20260716_v1.csv,"Descriptive marker-defined marrow context; not enrichment, localization proof, causality, or independent validation.",9,9,100,0.681363547441225,Megakaryocyte,0.162413387310508,0.518950160130717,0.761634757362012,TRUE
B_MMAR_006,B_MOD_purple,B_COMP_Myeloid,B,strict42 marrow descriptive context,B_Module-marrow-descriptive-context,descriptive context,,,,,,,Figure6_strict42_module_compartment_edges_verified_20260716_v1.csv,"Descriptive marker-defined marrow context; not enrichment, localization proof, causality, or independent validation.",8,9,88.8888888888889,0.383459378931853,HSPC,0.348018981585765,0.0354403973460874,0.0924228204948556,TRUE
B_MMAR_007,B_MOD_turquoise,B_COMP_HSPC,B,strict42 marrow descriptive context,B_Module-marrow-descriptive-context,descriptive context,,,,,,,Figure6_strict42_module_compartment_edges_verified_20260716_v1.csv,"Descriptive marker-defined marrow context; not enrichment, localization proof, causality, or independent validation.",9,9,100,0.362977963464589,Stromal_Endothelial,0.255876028237845,0.107101935226744,0.295064565915976,TRUE
