gene	subject	mean_deletion_recovery_shift	mean_overexpression_recovery_shift	bidirectional_score_min_of_arms	directionally_coherent	contrast_overexpression_minus_deletion
CDK6	UPN1	-0.0122043089941143	-0.033537421375513	-0.033537421375513	False	-0.0213331123813987
CDK6	UPN10	-0.0472863428294658	-0.0035031668376177	-0.0035031668376177	False	0.0437831759918481
CDK6	UPN11	0.0055226902477443	-0.0390199050307273	-0.0390199050307273	False	-0.044542595278471604
CDK6	UPN12	0.0092049157246947	-0.0042608827352523	-0.0092049157246947	False	-0.013465798459946998
CDK6	UPN13	-0.0521125271916389	-0.0020761932246387	-0.0020761932246387	False	0.0500363339670002
CDK6	UPN14	-0.0028877828735858	0.0075280480086803	0.0028877828735858	True	0.0104158308822661
CDK6	UPN17	-0.129685565829277	0.0029752533882856	0.0029752533882856	True	0.13266081921756262
CDK6	UPN18	-0.0200358256697654	-0.0046415296383202	-0.0046415296383202	False	0.015394296031445199
CDK6	UPN19	0.0082651814445853	-0.008240832015872	-0.0082651814445853	False	-0.0165060134604573
CDK6	UPN2	-0.0216471031308174	-0.006142180878669	-0.006142180878669	False	0.0155049222521484
CDK6	UPN20	-0.0204479321837425	-0.0105973463505506	-0.0105973463505506	False	0.0098505858331919
CDK6	UPN3	-0.029838053509593	0.0019608596339821	0.0019608596339821	True	0.0317989131435751
CDK6	UPN7	-0.0299987867474555	-0.0100811533629894	-0.0100811533629894	False	0.019917633384466102
CDK6	UPN8	0.0108409924432635	-0.0141144655644893	-0.0141144655644893	False	-0.024955458007752798
CDK6	UPN9	-0.0176088772714138	0.0011100517585873	0.0011100517585873	True	0.0187189290300011
CA2	UPN1	0.0015100291930139	0.0323351770639419	-0.0015100291930139	False	0.030825147870928
CA2	UPN10	0.0078561222180724	0.0123146949335932	-0.0078561222180724	False	0.0044585727155208
CA2	UPN11	0.0012589204125106	-0.0160397067666053	-0.0160397067666053	False	-0.0172986271791159
CA2	UPN12	0.0207856371998786	-0.0284553654491901	-0.0284553654491901	False	-0.0492410026490687
CA2	UPN13	0.0291678216308355	-0.0487484820187091	-0.0487484820187091	False	-0.0779163036495446
CA2	UPN14	0.0385759696364402	-0.0248242206871509	-0.0385759696364402	False	-0.0634001903235911
CA2	UPN17	-0.0700907781720161	0.0070524392649531	0.0070524392649531	True	0.0771432174369692
CA2	UPN18	-0.0030506514012813	-0.0047958586364984	-0.0047958586364984	False	-0.0017452072352171
CA2	UPN19	0.0143399583175778	0.0112017262727022	-0.0143399583175778	False	-0.003138232044875601
CA2	UPN2	-0.0053232973441481	0.0076708747074007	0.0053232973441481	True	0.0129941720515488
CA2	UPN20	-0.0132144698873162	0.0087428987026214	0.0087428987026214	True	0.021957368589937597
CA2	UPN3	0.0213586762547492	-0.0650961175560951	-0.0650961175560951	False	-0.0864547938108443
CA2	UPN7	-0.0564821064472198	-0.0074721779674291	-0.0074721779674291	False	0.0490099284797907
CA2	UPN8	-0.0002688427048269	0.0385274700820446	0.0002688427048269	True	0.0387963127868715
CA2	UPN9	0.0521639697253704	-0.0114072356373071	-0.0521639697253704	False	-0.0635712053626775
PARP1	UPN1	-0.0194518882781267	0.0188218913972377	0.0188218913972377	True	0.0382737796753644
PARP1	UPN10	-0.0311749167740345	0.0081708095967769	0.0081708095967769	True	0.0393457263708114
PARP1	UPN11	-0.0036960798315703	-0.0110877892002463	-0.0110877892002463	False	-0.007391709368675999
PARP1	UPN12	-0.007297795265913	-0.0225663650780916	-0.0225663650780916	False	-0.015268569812178601
PARP1	UPN13	-0.0479434207081794	0.0054182987660169	0.0054182987660169	True	0.053361719474196295
PARP1	UPN14	-0.0124057680368423	0.0008858217624947	0.0008858217624947	True	0.013291589799336999
PARP1	UPN17	-0.0439748503267765	0.0095711108297109	0.0095711108297109	True	0.053545961156487396
PARP1	UPN18	-0.0251138769090175	-0.0154640739783644	-0.0154640739783644	False	0.0096498029306531
PARP1	UPN19	-0.003390043741092	0.0051022842526435	0.003390043741092	True	0.008492327993735501
PARP1	UPN2	-0.0279001649469137	-0.0141882728785276	-0.0141882728785276	False	0.013711892068386099
PARP1	UPN20	-0.0333895459771156	-0.0168226361274719	-0.0168226361274719	False	0.016566909849643704
PARP1	UPN3	-0.0091505497694015	-0.013220977038145	-0.013220977038145	False	-0.004070427268743499
PARP1	UPN7	-0.0526191592216491	-0.0150866862386465	-0.0150866862386465	False	0.0375324729830026
PARP1	UPN8	-0.009767323732376	0.0024651968851685	0.0024651968851685	True	0.0122325206175445
PARP1	UPN9	-0.0234080962836742	-0.0129560036584734	-0.0129560036584734	False	0.010452092625200799
KIT	UPN1	-0.0150070963427424	-0.0118181547150015	-0.0118181547150015	False	0.0031889416277409
KIT	UPN10	-0.0306893438100814	0.0230694636702537	0.0230694636702537	True	0.0537588074803351
KIT	UPN11	-0.0123982038348913	0.0543850138783454	0.0123982038348913	True	0.0667832177132367
KIT	UPN12	-0.0146410418674349	-0.0732049494981765	-0.0732049494981765	False	-0.0585639076307416
KIT	UPN13	-0.0568780042231082	0.0568027980625629	0.0568027980625629	True	0.1136808022856711
KIT	UPN14	0.0068508712574839	-0.0137074505910277	-0.0137074505910277	False	-0.0205583218485116
KIT	UPN17	-0.006430622190237	0.0083363419398665	0.006430622190237	True	0.0147669641301035
KIT	UPN18	-0.0560332685708999	0.0088384328410029	0.0088384328410029	True	0.0648717014119028
KIT	UPN19	-0.0526103302836418	0.0880870521068573	0.0526103302836418	True	0.14069738239049911
KIT	UPN2	-0.0404824428260326	0.0163386482745409	0.0163386482745409	True	0.0568210911005735
KIT	UPN20	-0.0571579150855541	0.0254150480031967	0.0254150480031967	True	0.0825729630887508
KIT	UPN3	-0.0064981020987033	0.0572068691253662	0.0064981020987033	True	0.0637049712240695
KIT	UPN8	-0.0052829678170382	0.0139042055234313	0.0052829678170382	True	0.019187173340469498
KIT	UPN9	-0.0792124196887016	0.0301569625735282	0.0301569625735282	True	0.10936938226222981
SYK	UPN1	-0.0052694198675453	0.0010753613896667	0.0010753613896667	True	0.006344781257212001
SYK	UPN10	-0.0020124712027609	0.0137066999450325	0.0020124712027609	True	0.0157191711477934
SYK	UPN11	0.009103643707931	-0.0224728491157293	-0.0224728491157293	False	-0.031576492823660304
SYK	UPN12	0.0093228388577699	0.0075768204405903	-0.0093228388577699	False	-0.0017460184171796001
SYK	UPN13	-0.0827255547046661	-0.0042564724572002	-0.0042564724572002	False	0.07846908224746589
SYK	UPN14	0.0130148911848664	0.0019255883526057	-0.0130148911848664	False	-0.0110893028322607
SYK	UPN17	-0.0596071928739547	0.0057509671896696	0.0057509671896696	True	0.0653581600636243
SYK	UPN18	-0.0050865160301327	0.0049149068072438	0.0049149068072438	True	0.010001422837376501
SYK	UPN19	0.0110821854323148	0.0048358924686908	-0.0110821854323148	False	-0.006246292963624
SYK	UPN2	-0.0031900908797979	-0.0121880890801548	-0.0121880890801548	False	-0.008997998200356901
SYK	UPN20	-0.0018183575011789	-0.004337525460869	-0.004337525460869	False	-0.0025191679596901
SYK	UPN3	0.002998333889991	-0.0019820011220872	-0.002998333889991	False	-0.0049803350120782
SYK	UPN7	-0.0058339587412774	-0.0005807639099657	-0.0005807639099657	False	0.0052531948313117
SYK	UPN8	0.0062161213718354	0.0147252529859542	-0.0062161213718354	False	0.0085091316141188
SYK	UPN9	-0.0191842801868915	0.0104610314592719	0.0104610314592719	True	0.0296453116461634
GSK3B	UPN1	-0.0278728678822517	-0.0050852899439632	-0.0050852899439632	False	0.022787577938288502
GSK3B	UPN10	-0.0026155607774853	0.018236706033349	0.0026155607774853	True	0.0208522668108343
GSK3B	UPN11	-0.0073843691498041	0.0074985581450164	0.0073843691498041	True	0.014882927294820499
GSK3B	UPN12	0.0032005435787141	0.0035274855326861	-0.0032005435787141	False	0.0003269419539719998
GSK3B	UPN13	-0.0360585860908031	0.014748259447515	0.014748259447515	True	0.0508068455383181
GSK3B	UPN14	0.0003755898214876	0.0054565062746405	-0.0003755898214876	False	0.0050809164531529
GSK3B	UPN17	-0.0608173757791519	0.0145716918632388	0.0145716918632388	True	0.0753890676423907
GSK3B	UPN18	-0.0009618392214179	0.0002107239124597	0.0002107239124597	True	0.0011725631338776
GSK3B	UPN19	0.0034498667810112	0.0139428563416004	-0.0034498667810112	False	0.010492989560589201
GSK3B	UPN2	-0.0141348568722605	0.0217492505908012	0.0141348568722605	True	0.0358841074630617
GSK3B	UPN20	-0.0113039696589112	0.0087950089946389	0.0087950089946389	True	0.0200989786535501
GSK3B	UPN3	-0.0154409334063529	0.0144403874874114	0.0144403874874114	True	0.0298813208937643
GSK3B	UPN7	-0.0315602347254753	0.0006149940309114	0.0006149940309114	True	0.032175228756386696
GSK3B	UPN8	0.0034756097011268	0.0345719456672668	-0.0034756097011268	False	0.031096335966139997
GSK3B	UPN9	-0.0145536409690976	0.0292982403188943	0.0145536409690976	True	0.0438518812879919
HIF1A	UPN1	-0.0137335341423749	0.0107277538627386	0.0107277538627386	True	0.0244612880051135
HIF1A	UPN10	0.0086972722783684	0.0048251086845994	-0.0086972722783684	False	-0.0038721635937690006
HIF1A	UPN11	0.0046735913492739	-0.0075264410115778	-0.0075264410115778	False	-0.0122000323608517
HIF1A	UPN12	-0.0036913063377141	0.0091403415426611	0.0036913063377141	True	0.0128316478803752
HIF1A	UPN13	-0.0301529821008443	0.0202759522944688	0.0202759522944688	True	0.050428934395313096
HIF1A	UPN14	-0.0045712608844041	0.0122067267075181	0.0045712608844041	True	0.0167779875919222
HIF1A	UPN17	-0.0523764826357364	-0.0038211906794458	-0.0038211906794458	False	0.0485552919562906
HIF1A	UPN18	-0.0055339159443974	-0.0194237008690834	-0.0194237008690834	False	-0.013889784924686
HIF1A	UPN19	0.0066431500017642	0.0147871961817145	-0.0066431500017642	False	0.0081440461799503
HIF1A	UPN2	0.0030575622804462	0.013435318134725	-0.0030575622804462	False	0.0103777558542788
HIF1A	UPN20	-0.0072182463482022	0.0104359909892082	0.0072182463482022	True	0.0176542373374104
HIF1A	UPN3	-0.0246969945728778	-0.0044938316568732	-0.0044938316568732	False	0.020203162916004602
HIF1A	UPN7	-0.0086603704839944	0.0180806685239076	0.0086603704839944	True	0.026741039007902
HIF1A	UPN8	-3.746896982192993e-05	0.0248652454465627	3.746896982192993e-05	True	0.02490271441638463
HIF1A	UPN9	-0.0168098378926515	-0.0049279620870947	-0.0049279620870947	False	0.011881875805556798
TOP2A	UPN1	-0.0684605464339256	0.0222500450909137	0.0222500450909137	True	0.0907105915248393
TOP2A	UPN10	-0.0350535251200199	0.0455471314489841	0.0350535251200199	True	0.080600656569004
TOP2A	UPN11	-0.027446910738945	-0.0189590919762849	-0.0189590919762849	False	0.0084878187626601
TOP2A	UPN12	-0.0331530943512916	0.0553685873746871	0.0331530943512916	True	0.0885216817259787
TOP2A	UPN13	-0.0864624083042144	0.0373900160193443	0.0373900160193443	True	0.1238524243235587
TOP2A	UPN14	-0.0149518521502614	0.0501668602228164	0.0149518521502614	True	0.0651187123730778
TOP2A	UPN17	-0.1109085828065872	0.0449201986193656	0.0449201986193656	True	0.1558287814259528
TOP2A	UPN18	-0.0328545682132244	0.0098889805376529	0.0098889805376529	True	0.0427435487508773
TOP2A	UPN19	-0.0103104170411825	0.019404487684369	0.0103104170411825	True	0.0297149047255515
TOP2A	UPN2	-0.0739398598670959	0.0129810664802789	0.0129810664802789	True	0.0869209263473748
TOP2A	UPN20	-0.0443325862288475	0.0317078605294227	0.0317078605294227	True	0.0760404467582702
TOP2A	UPN3	-0.0530639961361885	0.0160906091332435	0.0160906091332435	True	0.069154605269432
TOP2A	UPN7	-0.1105840057134628	0.1003952771425247	0.1003952771425247	True	0.2109792828559875
TOP2A	UPN8	-0.0234104823321104	0.021294217556715	0.021294217556715	True	0.0447046998888254
TOP2A	UPN9	-0.0670895501971244	0.0136885289102792	0.0136885289102792	True	0.0807780791074036
TERT	UPN1	-0.0109204445034265	0.0042152591049671	0.0042152591049671	True	0.0151357036083936
TERT	UPN10	-0.0035926112905144	-0.0328393839299678	-0.0328393839299678	False	-0.029246772639453397
TERT	UPN11	-0.0375909805297851	-0.0066861775703728	-0.0066861775703728	False	0.0309048029594123
TERT	UPN13	-0.0601237751543521	-0.0223289206624031	-0.0223289206624031	False	0.037794854491949
TERT	UPN20	-0.0038318529259413	0.0216739457100629	0.0038318529259413	True	0.0255057986360042
TERT	UPN7	-0.1055967360734939	-0.0513114929199218	-0.0513114929199218	False	0.0542852431535721
TERT	UPN8	-0.0249218866229057	0.0061801942065358	0.0061801942065358	True	0.0311020808294415
TERT	UPN9	-0.0834062546491622	-0.0501550361514091	-0.0501550361514091	False	0.033251218497753095
CD38	UPN1	-0.0304251350462436	-0.0021226818207651	-0.0021226818207651	False	0.028302453225478502
CD38	UPN10	0.0031251800246536	-0.0079682320356369	-0.0079682320356369	False	-0.0110934120602905
CD38	UPN11	-0.0069765234366059	-0.0585436820983886	-0.0585436820983886	False	-0.0515671586617827
CD38	UPN12	-0.0069525251165032	-0.041455328464508	-0.041455328464508	False	-0.034502803348004804
CD38	UPN13	-0.0571121349930763	0.0040874425321817	0.0040874425321817	True	0.061199577525257995
CD38	UPN14	-0.0110027324408292	-0.0345104783773422	-0.0345104783773422	False	-0.023507745936513003
CD38	UPN17	-0.0352807641029357	-0.017128188163042	-0.017128188163042	False	0.0181525759398937
CD38	UPN18	-0.0187140852212905	-0.0093382187187671	-0.0093382187187671	False	0.009375866502523401
CD38	UPN19	-0.0089916046708822	-0.0080912662670016	-0.0080912662670016	False	0.0009003384038806014
CD38	UPN2	-0.0010601400863379	-0.0038410513661801	-0.0038410513661801	False	-0.0027809112798422003
CD38	UPN20	-0.0237361956387758	-0.0258300453424453	-0.0258300453424453	False	-0.0020938497036694995
CD38	UPN3	-0.0189904030412435	0.0013251090422272	0.0013251090422272	True	0.0203155120834707
CD38	UPN7	-0.007112830877304	0.0076709724962711	0.007112830877304	True	0.0147838033735751
CD38	UPN8	-0.0155146736651659	0.0050995294004678	0.0050995294004678	True	0.020614203065633697
CD38	UPN9	-0.0079587399959564	-0.0073787998408079	-0.0073787998408079	False	0.0005799401551485001
